oid,NZGD ID,NZTM Easting,NZTM Northing,year
CPT-ARN-01,1.0,1576467.29,5181262.38,2010
CPT-ARN-02,2.0,1576219.81,5182209.91,2010
CPT-ARN-04,4.0,1576734.22,5182326.47,2010
CPT-AVD-02,36.0,1574602.57,5182888.22,2010
CPT-AVD-09,43.0,1574545.91,5183483.03,2010
CPT-AVD-13,47.0,1576073.73,5183420.72,2010
CPT-AVD-14,48.0,1574380.34,5182978.27,2010
CPT-AVD-15,49.0,1574389.57,5183052.47,2010
CPT-AVD-16,50.0,1574412.83,5183187.48,2010
CPT-AVD-17,51.0,1574462.37,5183343.75,2010
CPT-AVD-18,52.0,1574504.38,5183445.31,2010
CPT-AVD-19,53.0,1574621.42,5183528.92,2010
CPT-AVL-02,91.0,1571538.59,5181020.72,2010
CPT-AVL-04,93.0,1571754.87,5180795.58,2010
CPT-AVL-05,94.0,1571427.92,5180830.54,2010
CPT-AVS-01,1082.0,1574334.76,5182427.44,2010
CPT-AVS-02,1330.0,1572609.36,5195793.58,2010
CPT-AVS-07,101.0,1572621.8,5181199.47,2010
CPT-AVS-08,102.0,1572870.39,5181207.81,2010
CPT-AVS-10,104.0,1573409.98,5181232.45,2010
CPT-AVS-11,105.0,1572693.83,5181313.38,2010
CPT-AVS-12,106.0,1573142.1,5181330.55,2010
CPT-AVS-15,109.0,1572911.71,5181581.84,2010
CPT-AVS-16,110.0,1573171.14,5181557.65,2010
CPT-AVS-17,111.0,1573403.45,5181583.98,2010
CPT-AVS-18,112.0,1572887.1,5181738.23,2010
CPT-AVS-20,114.0,1573325.46,5181769.39,2010
CPT-AVS-21,115.0,1573487.37,5181763.69,2010
CPT-AVS-22,116.0,1572979.89,5181864.6,2010
CPT-AVS-23,117.0,1573381.0,5181893.25,2010
CPT-AVS-24,118.0,1573209.09,5181989.69,2010
CPT-AVS-25,119.0,1573075.1,5181969.3,2010
CPT-AVS-26,120.0,1573141.77,5181988.6,2010
CPT-AVS-28,122.0,1573334.22,5181947.15,2010
CPT-AVS-29,123.0,1573425.32,5181857.69,2010
CPT-AVS-30,124.0,1573474.19,5181653.17,2010
CPT-AVS-31,125.0,1573420.84,5181606.58,2010
CPT-BDL-01,143.0,1566939.14,5184259.77,2010
CPT-BDL-02,144.0,1567137.08,5184147.46,2010
CPT-BDL-03,145.0,1565528.17,5185394.21,2010
CPT-BDL-06,148.0,1566175.45,5185589.59,2010
CPT-BDL-10,151.0,1566523.89,5185872.65,2010
CPT-BDL-11,152.0,1566700.95,5185625.14,2010
CPT-BEX-01,155.0,1577410.02,5181510.18,2010
CPT-BEX-04,156.0,1577310.33,5181645.84,2010
CPT-BEX-06,158.0,1577726.1,5181964.88,2010
CPT-BEX-07,159.0,1577245.9,5181935.02,2010
CPT-BEX-08,160.0,1577507.77,5182007.92,2010
CPT-BEX-09,161.0,1577800.3,5182116.62,2010
CPT-BEX-10,162.0,1577174.14,5182171.0,2010
CPT-BEX-11,163.0,1577437.97,5182240.04,2010
CPT-BEX-12,164.0,1577619.95,5182310.84,2010
CPT-BEX-13,165.0,1577144.42,5182450.7,2010
CPT-BEX-14,166.0,1577320.06,5182472.14,2010
CPT-BEX-16,168.0,1577054.55,5182638.96,2010
CPT-BEX-17,169.0,1577270.18,5182708.33,2010
CPT-BEX-18,170.0,1577822.55,5182279.42,2010
CPT-BEX-19,171.0,1576916.86,5182826.2,2010
CPT-BEX-26,178.0,1577857.45,5182162.61,2010
CPT-BEX-27,179.0,1577822.5,5182072.37,2010
CPT-BEX-29,181.0,1577464.06,5181341.02,2010
CPT-BEX-33,184.0,1577822.55,5182279.42,2010
CPT-BEX-35,186.0,1577576.56,5181864.31,2010
CPT-BFT-08,194.0,1569270.64,5188256.36,2010
CPT-BFT-10,195.0,1569440.7,5188175.85,2010
CPT-BRK-01,227.0,1575350.37,5192876.88,2010
CPT-BRK-02,228.0,1575191.43,5192903.26,2010
CPT-BRK-03,229.0,1575125.8,5193273.48,2010
CPT-BRK-04,230.0,1575185.99,5193750.48,2010
CPT-BRK-05,231.0,1575248.2,5194107.85,2010
CPT-BRK-07,232.0,1575323.04,5194519.04,2010
CPT-BRK-09,234.0,1575891.68,5194516.49,2010
CPT-BRK-12,237.0,1575351.02,5194775.19,2010
CPT-BRK-15,240.0,1575596.31,5194959.4,2010
CPT-BRK-18,55459.0,1575147.05,5193927.82,2010
CPT-BUR-03,267.0,1574122.15,5183152.5,2010
CPT-BUR-05,269.0,1573932.91,5183259.54,2010
CPT-BUR-06,270.0,1574224.55,5183261.04,2010
CPT-BUR-07,271.0,1574132.76,5183360.69,2010
CPT-BUR-08,272.0,1573690.75,5183434.84,2010
CPT-BUR-11,275.0,1573555.27,5183600.37,2010
CPT-BUR-12,276.0,1573673.65,5183591.8,2010
CPT-BUR-18,280.0,1573678.78,5183942.6,2010
CPT-BUR-19,281.0,1574060.59,5183581.85,2010
CPT-BUR-26,287.0,1574310.74,5183287.96,2010
CPT-BUR-27,288.0,1574145.84,5183562.21,2010
CPT-BUR-28,289.0,1574315.15,5183567.8,2010
CPT-BUR-29,290.0,1573958.28,5183679.0,2010
CPT-BUR-30,291.0,1573882.58,5183868.76,2010
CPT-BUR-31,292.0,1573624.09,5183944.45,2010
CPT-BUR-33,294.0,1573137.87,5183009.62,2010
CPT-BUR-34,295.0,1574226.9,5184924.32,2010
CPT-BUR-35,296.0,1574243.27,5184806.06,2010
CPT-BUR-36,297.0,1574226.56,5184738.83,2010
CPT-BUR-37,298.0,1574338.24,5184738.32,2010
CPT-BUR-38,299.0,1575145.74,5183586.44,2010
CPT-BUR-39,300.0,1575071.83,5183451.4,2010
CPT-BUR-41,302.0,1575445.25,5183463.94,2010
CPT-BUR-42,303.0,1575330.49,5183843.5,2010
CPT-BUR-43,304.0,1575300.65,5184245.65,2010
CPT-BUR-44,305.0,1575535.09,5184224.26,2010
CPT-BUR-46,307.0,1575767.47,5183825.18,2010
CPT-BUR-47,308.0,1574789.98,5184744.13,2010
CPT-BUR-48,309.0,1574874.0,5184738.09,2010
CPT-BUR-49,310.0,1574897.92,5184856.13,2010
CPT-BUR-51,311.0,1573613.76,5183291.47,2010
CPT-BUR-52,312.0,1573541.65,5183881.12,2010
CPT-BUR-53,313.0,1573624.08,5183944.45,2010
CPT-BUR-54,314.0,1573887.01,5184020.57,2010
CPT-BUR-57,317.0,1575105.79,5183415.3,2010
CPT-BUR-58,318.0,1575167.14,5183400.15,2010
CPT-BUR-59,319.0,1575306.95,5183420.1,2010
CPT-BUR-60,320.0,1575381.88,5183442.01,2010
CPT-CBK-03,1061.0,1567598.49,5185478.32,2010
CPT-CBK-04,1062.0,1567802.38,5185577.24,2010
CPT-CBK-08,1066.0,1568380.93,5186000.94,2010
CPT-DAL-07,36.0,1574602.57,5182888.22,2010
CPT-DAL-10,1087.0,1573547.91,5181402.25,2010
CPT-DAL-11,1088.0,1573475.39,5181613.71,2010
CPT-DAL-12,1089.0,1573546.15,5181653.92,2010
CPT-DAL-17,1094.0,1573495.1,5181834.56,2010
CPT-DAL-19,1096.0,1573913.09,5181844.99,2010
CPT-DAL-20,1097.0,1574113.48,5181897.97,2010
CPT-DAL-22,1099.0,1573614.93,5182098.11,2010
CPT-DAL-23,1100.0,1573910.29,5182147.67,2010
CPT-DAL-25,1102.0,1574327.22,5182208.53,2010
CPT-DAL-26,1103.0,1573900.35,5182314.86,2010
CPT-DAL-27,1104.0,1574131.27,5182348.13,2010
CPT-DAL-28,1105.0,1574347.38,5182392.82,2010
CPT-DAL-29,1106.0,1573923.06,5182569.96,2010
CPT-DAL-31,1108.0,1574317.6,5182612.75,2010
CPT-DAL-33,1110.0,1574183.27,5182817.31,2010
CPT-DAL-37,1114.0,1574304.42,5183000.16,2010
CPT-DAL-38,1115.0,1573319.65,5182003.01,2010
CPT-DAL-40,1117.0,1573527.21,5182478.35,2010
CPT-DAL-41,1118.0,1573713.36,5182733.94,2010
CPT-DAL-42,1119.0,1573557.78,5181723.25,2010
CPT-DAL-43,1120.0,1573563.31,5181672.51,2010
CPT-DAL-44,1121.0,1573449.04,5181581.74,2010
CPT-DAL-45,1122.0,1573404.17,5181504.98,2010
CPT-DAL-46,170.0,1577822.55,5182279.42,2010
CPT-DAL-48,1125.0,1573473.04,5181229.59,2010
CPT-DAL-49,1126.0,1573519.39,5181222.23,2010
CPT-DAL-50,1127.0,1573689.37,5181227.87,2010
CPT-DAL-51,1128.0,1573766.75,5181305.56,2010
CPT-DAL-53,1130.0,1573787.29,5181498.65,2010
CPT-DAL-54,55813.0,1564713.58,5177676.78,2010
CPT-DAL-55,1132.0,1574174.61,5181733.28,2010
CPT-DAL-57,1134.0,1574341.89,5182241.57,2010
CPT-DAL-58,1135.0,1574352.36,5182302.31,2010
CPT-DAL-59,1136.0,1574348.13,5182455.39,2010
CPT-DAL-60,1137.0,1574338.38,5182520.28,2010
CPT-DAL-61,1138.0,1574315.47,5182626.2,2010
CPT-DAL-62,1139.0,1574300.85,5182775.75,2010
CPT-FND-07,1146.0,1568060.77,5181489.81,2010
CPT-FND-10,1149.0,1567472.29,5181622.81,2010
CPT-HAL-03,1166.0,1565486.03,5175383.9,2010
CPT-HAL-14,1179.0,1563413.75,5175479.22,2010
CPT-HAL-15,1180.0,1563611.42,5175309.85,2010
CPT-HAL-18,1183.0,1564174.39,5174722.73,2010
CPT-HAL-24,1189.0,1564960.79,5173690.81,2010
CPT-HAL-27,1192.0,1564913.67,5173182.53,2010
CPT-HAL-32,1197.0,1565534.48,5174172.79,2010
CPT-HAL-35,1200.0,1565812.03,5175015.88,2010
CPT-HAL-36,1201.0,1565699.71,5174666.52,2010
CPT-HAL-37,1202.0,1565561.75,5174400.82,2010
CPT-HAL-40,1205.0,1565005.75,5174768.57,2010
CPT-HAL-42,1207.0,1564889.9,5175339.73,2010
CPT-HAL-44,544.0,1573298.04,5182036.06,2010
CPT-HAL-45,1210.0,1564781.48,5175767.47,2010
CPT-HNH-02,1230.0,1568454.58,5176041.02,2010
CPT-HNH-03,1231.0,1568322.52,5175737.55,2010
CPT-KAN-03,71749.0,1572096.61,5182098.5,2010
CPT-KAN-05,1266.0,1572386.86,5196601.13,2010
CPT-KAN-06,1267.0,1572480.95,5196520.84,2010
CPT-KAN-07,1268.0,1572711.51,5196310.34,2010
CPT-KAN-08,1269.0,1573043.55,5196169.13,2010
CPT-KAN-09,1270.0,1572574.61,5196778.1,2010
CPT-KAN-10,1271.0,1572656.17,5196687.95,2010
CPT-KAN-12,1273.0,1573047.24,5196427.75,2010
CPT-KAN-13,1274.0,1573172.24,5196274.66,2010
CPT-KAN-14,1275.0,1573309.78,5196361.98,2010
CPT-KAN-15,1276.0,1573331.24,5196529.78,2010
CPT-KAN-17,1278.0,1572859.85,5196869.36,2010
CPT-KAN-18,1279.0,1573060.14,5196640.8,2010
CPT-KAN-20,1281.0,1573474.52,5196551.09,2010
CPT-KAN-23,1284.0,1573560.33,5196806.28,2010
CPT-KAN-26,1287.0,1572219.3,5196845.47,2010
CPT-KAN-28,1289.0,1572278.54,5196750.64,2010
CPT-KAN-30,1291.0,1572547.16,5196625.67,2010
CPT-KAN-31,1292.0,1572882.96,5196195.95,2010
CPT-KAN-32,1293.0,1572877.54,5196213.08,2010
CPT-KAN-35,1294.0,1572578.35,5196418.79,2010
CPT-KAN-38,1297.0,1573084.47,5196180.29,2010
CPT-KAN-39,1298.0,1573405.04,5196231.21,2010
CPT-KAN-40,1299.0,1573255.62,5196256.85,2010
CPT-KAN-41,1300.0,1573338.64,5196256.73,2010
CPT-KAN-42,1301.0,1572226.31,5196825.47,2010
CPT-KAN-43,1302.0,1572405.57,5196584.46,2010
CPT-KAS-02,1348.0,1572740.69,5195795.51,2010
CPT-KAS-08,1310.0,1572516.99,5195704.14,2010
CPT-KAS-13,1314.0,1572727.66,5196121.6,2010
CPT-KAS-14,1315.0,1572479.96,5196327.7,2010
CPT-KAS-16,1317.0,1571969.95,5196551.43,2010
CPT-KAS-18,1319.0,1572068.19,5196782.42,2010
CPT-KAS-19,1320.0,1571465.31,5196815.45,2010
CPT-KAS-22,1323.0,1571930.45,5196932.51,2010
CPT-KAS-23,1324.0,1571033.8,5196821.88,2010
CPT-KAS-25,1326.0,1572272.42,5195588.2,2010
CPT-KAS-29,1330.0,1572609.36,5195793.58,2010
CPT-KAS-31,1332.0,1572603.96,5196216.66,2010
CPT-KAS-34,1335.0,1571976.73,5196731.32,2010
CPT-KAS-35,1336.0,1572108.31,5196535.36,2010
CPT-KAS-36,1337.0,1572199.86,5196646.43,2010
CPT-KAS-37,1338.0,1572242.49,5196600.0,2010
CPT-KAS-38,1339.0,1572222.64,5196403.05,2010
CPT-KAS-41,1342.0,1572081.61,5196902.22,2010
CPT-KAS-43,1343.0,1572555.85,5196253.63,2010
CPT-KAS-46,1346.0,1572725.2,5195980.22,2010
CPT-KAS-47,1347.0,1572756.77,5195866.11,2010
CPT-KAS-48,1348.0,1572740.69,5195795.51,2010
CPT-KAS-50,1349.0,1572561.76,5195382.43,2010
CPT-KAS-51,1350.0,1572516.82,5195333.97,2010
CPT-KAS-52,1351.0,1572465.63,5195379.26,2010
CPT-KAS-53,1352.0,1572091.36,5196752.85,2010
CPT-KAS-54,1353.0,1572294.91,5196562.13,2010
CPT-KAS-55,1354.0,1572330.92,5196522.27,2010
CPT-KGA-01,1355.0,1573109.93,5194207.68,2010
CPT-KGA-02,1356.0,1573150.49,5194129.95,2010
CPT-KRB-02,1358.0,1575952.34,5196255.05,2010
CPT-KRB-03,1359.0,1575951.34,5196542.94,2010
CPT-MRV-01,1397.0,1568833.95,5181086.57,2010
CPT-NBT-06,1424.0,1576518.73,5183170.57,2010
CPT-NBT-07,152.0,1566700.95,5185625.14,2010
CPT-PIN-04,1501.0,1575778.41,5197255.67,2010
CPT-PIN-05,1502.0,1575788.41,5197346.64,2010
CPT-PIN-07,1504.0,1575914.36,5197211.69,2010
CPT-PIN-08,1505.0,1575876.38,5197119.73,2010
CPT-PIN-11,1508.0,1575805.41,5197646.53,2010
CPT-PRK-04,508.0,1575168.5,5186048.65,2010
CPT-PRK-05,509.0,1575593.44,5186064.8,2010
CPT-PRK-06,510.0,1575747.58,5186099.93,2010
CPT-PRK-07,511.0,1575631.11,5185816.64,2010
CPT-PRK-08,512.0,1575500.99,5185607.89,2010
CPT-PRK-09,513.0,1575265.42,5185760.71,2010
CPT-RCH-02,514.0,1572865.64,5181491.38,2010
CPT-RCH-03,515.0,1572590.18,5181552.59,2010
CPT-RCH-05,517.0,1572719.54,5181738.81,2010
CPT-RCH-08,520.0,1573065.25,5182005.35,2010
CPT-RCH-10,522.0,1572864.59,5182049.44,2010
CPT-RCH-11,523.0,1573120.86,5182129.94,2010
CPT-RCH-12,524.0,1572976.14,5181931.23,2010
CPT-RCH-13,525.0,1573164.99,5182028.45,2010
CPT-RCH-16,528.0,1573297.93,5182035.91,2010
CPT-RCH-17,529.0,1572767.08,5181960.41,2010
CPT-RCH-22,534.0,1572318.45,5181928.27,2010
CPT-RCH-25,537.0,1572077.56,5181993.76,2010
CPT-RCH-26,538.0,1572418.4,5181737.54,2010
CPT-RCH-29,541.0,1572870.66,5181472.99,2010
CPT-RCH-30,542.0,1572946.48,5181892.91,2010
CPT-RCH-31,543.0,1573113.49,5182019.79,2010
CPT-RWD-01,586.0,1568623.91,5185741.11,2010
CPT-RWD-02,587.0,1568860.76,5185983.45,2010
CPT-RWD-03,588.0,1568876.94,5186224.5,2010
CPT-RWD-04,589.0,1568715.5,5186461.64,2010
CPT-RWD-05,590.0,1568631.0,5186845.49,2010
CPT-RWD-09,594.0,1568947.61,5186782.44,2010
CPT-RWD-10,595.0,1569000.21,5186571.94,2010
CPT-RWD-13,598.0,1569882.58,5186450.23,2010
CPT-SNB-01F,658.0,1577949.58,5181057.12,2010
CPT-SPE-08,674.0,1575204.27,5191263.01,2010
CPT-SPE-14,680.0,1575279.61,5191337.34,2010
CPT-SPE-15,681.0,1575553.79,5191384.08,2010
CPT-SSH-03,711.0,1579690.17,5177406.34,2010
CPT-SSH-04,712.0,1579793.84,5177426.62,2010
CPT-SSH-05,713.0,1579719.27,5177761.79,2010
CPT-SSH-06,714.0,1579731.66,5177889.54,2010
CPT-SSH-07,715.0,1579488.62,5178164.32,2010
CPT-SSH-08,716.0,1579343.52,5178507.52,2010
CPT-STA-01,719.0,1571698.5,5182102.57,2010
CPT-STA-02,720.0,1571401.05,5181995.76,2010
CPT-STA-06,724.0,1571130.95,5181725.2,2010
CPT-STA-08,726.0,1571253.37,5182332.81,2010
CPT-STA-10,728.0,1570993.5,5181548.64,2010
CPT-STA-13,731.0,1570459.24,5182788.65,2010
CPT-WAI-05,1422.0,1576119.45,5183470.24,2010
CPT-WAI-06,847.0,1574013.57,5181311.39,2010
CPT-WAI-10,851.0,1574232.54,5181638.12,2010
CPT-WAI-12,853.0,1574366.24,5182039.67,2010
CPT-WAI-14,855.0,1574397.94,5182176.09,2010
CPT-WAI-15,856.0,1574428.8,5182289.35,2010
CPT-WAI-16,857.0,1574418.14,5182474.4,2010
CPT-WAI-17,858.0,1574680.57,5181748.48,2010
CPT-WAI-18,859.0,1573833.99,5181516.69,2010
CPT-WAI-20,861.0,1573868.13,5181592.79,2010
CPT-WAI-24,864.0,1574382.68,5182120.77,2010
CPT-WAI-27,867.0,1574433.46,5182346.09,2010
CPT-WAI-28,868.0,1574433.17,5182418.8,2010
CPT-WKK-02,29268.0,1563854.0,5175078.0,2010
CPT-WTH-01,988.0,1571633.18,5177589.09,2010
CPT-ARN-19,19.0,1576447.24,5181529.13,2011
CPT-ARN-21,21.0,1576142.24,5182128.74,2011
CPT-ARN-22,22.0,1576516.96,5181721.57,2011
CPT-ARN-23,23.0,1576564.82,5182063.9,2011
CPT-ARN-24,24.0,1576598.12,5181917.48,2011
CPT-ARN-25,25.0,1576610.34,5182256.74,2011
CPT-ARN-26,26.0,1576326.5,5182390.67,2011
CPT-ARN-28,28.0,1576349.9,5182694.74,2011
CPT-ARN-30,30.0,1576730.34,5182526.74,2011
CPT-ARN-31,31.0,1576554.91,5182798.43,2011
CPT-ARN-33,33.0,1576455.01,5182974.97,2011
CPT-AVD-30,61.0,1575655.29,5183463.58,2011
CPT-AVD-32,62.0,1574748.99,5183367.87,2011
CPT-AVD-36,65.0,1575063.14,5183262.1,2011
CPT-AVD-37,66.0,1575280.89,5183250.93,2011
CPT-AVD-38,67.0,1575481.19,5183322.52,2011
CPT-AVD-40,69.0,1574739.53,5183186.78,2011
CPT-AVD-41,70.0,1574895.81,5183087.24,2011
CPT-AVD-42,71.0,1574963.31,5183183.73,2011
CPT-AVD-43,72.0,1574993.09,5183095.71,2011
CPT-AVD-44,73.0,1575042.66,5182992.81,2011
CPT-AVD-47,76.0,1575008.08,5182912.24,2011
CPT-AVD-48,77.0,1575133.48,5182981.62,2011
CPT-AVD-49,78.0,1575208.69,5183108.69,2011
CPT-AVD-50,79.0,1575308.06,5183183.05,2011
CPT-AVD-51,80.0,1575472.69,5183253.79,2011
CPT-AVD-54,83.0,1575735.91,5183249.46,2011
CPT-AVD-56,85.0,1575705.85,5183354.4,2011
CPT-AVD-57,86.0,1575628.16,5183243.49,2011
CPT-AVD-62,89.0,1575919.33,5183451.85,2011
CPT-AVS-35,126.0,1572550.03,5181082.92,2011
CPT-AVS-39,130.0,1573098.46,5181194.42,2011
CPT-AVS-41,131.0,1573234.46,5181060.91,2011
CPT-AVS-42,132.0,1573269.05,5181192.74,2011
CPT-AVS-43,133.0,1573390.54,5180836.74,2011
CPT-AVS-45,134.0,1573367.13,5181100.03,2011
CPT-AVS-49,137.0,1573714.79,5181137.05,2011
CPT-AVS-51,138.0,1573911.08,5181146.5,2011
CPT-AVS-55,140.0,1574281.78,5180862.64,2011
CPT-AVS-57,141.0,1574142.32,5181112.75,2011
CPT-BKM-09,204.0,1570969.0,5176619.99,2011
CPT-BKM-11,206.0,1571360.71,5176820.63,2011
CPT-BKM-14,209.0,1570710.76,5176364.56,2011
CPT-BKM-15,210.0,1570897.06,5176447.72,2011
CPT-BKM-19,214.0,1571063.09,5175775.22,2011
CPT-BKM-20,215.0,1571167.13,5176380.16,2011
CPT-BKM-21,216.0,1571027.34,5176115.45,2011
CPT-BKM-25,220.0,1571438.17,5176374.96,2011
CPT-BKM-31,226.0,1571333.15,5176372.66,2011
CPT-BRY-01,245.0,1575099.77,5180935.51,2011
CPT-BRY-03,247.0,1574650.64,5180807.19,2011
CPT-BRY-05,249.0,1574415.6,5180393.63,2011
CPT-BRY-08,252.0,1575352.16,5179983.17,2011
CPT-BRY-10,253.0,1574862.21,5179357.01,2011
CPT-BRY-11,254.0,1574761.12,5179288.4,2011
CPT-BRY-12,255.0,1575270.06,5179058.91,2011
CPT-BRY-13,256.0,1574789.11,5178963.12,2011
CPT-BRY-15,258.0,1574497.12,5179565.39,2011
CPT-BRY-16,259.0,1574370.84,5179548.14,2011
CPT-BRY-18,261.0,1574275.08,5179602.78,2011
CPT-BRY-20,262.0,1574823.12,5179753.75,2011
CPT-BRY-21,263.0,1575010.18,5180125.91,2011
CPT-BRY-22,264.0,1574270.4,5180022.22,2011
CPT-BUR-101,352.0,1574466.75,5185374.58,2011
CPT-BUR-102,353.0,1574300.33,5184806.63,2011
CPT-BUR-104,355.0,1574096.77,5185337.38,2011
CPT-BUR-105,356.0,1574385.43,5184517.99,2011
CPT-BUR-70,321.0,1575784.23,5183593.47,2011
CPT-BUR-71,322.0,1575538.18,5183572.75,2011
CPT-BUR-72,323.0,1575344.46,5183567.43,2011
CPT-BUR-73,324.0,1575130.44,5183503.26,2011
CPT-BUR-77,328.0,1575532.35,5183676.47,2011
CPT-BUR-78,329.0,1575774.25,5183853.41,2011
CPT-BUR-79,330.0,1575778.78,5184023.16,2011
CPT-BUR-80,331.0,1575624.82,5184243.29,2011
CPT-BUR-81,332.0,1575585.49,5183996.63,2011
CPT-BUR-82,333.0,1575436.47,5184220.2,2011
CPT-BUR-84,335.0,1575100.69,5184273.27,2011
CPT-BUR-88,339.0,1574946.49,5183785.81,2011
CPT-BUR-93,344.0,1575256.58,5184542.78,2011
CPT-BUR-96,347.0,1574561.45,5185105.09,2011
CPT-BUR-99,350.0,1574600.95,5184905.76,2011
CPT-BYR-01,357.0,1567936.1,5183178.26,2011
CPT-CBD-04,375.0,1570596.81,5181259.24,2011
CPT-CBD-07,379.0,1571314.42,5181280.4,2011
CPT-CBD-10,383.0,1569845.16,5181033.14,2011
CPT-CBD-101P,496.0,1570619.57,5179180.59,2011
CPT-CBD-105,500.0,1571529.95,5179127.4,2011
CPT-CBD-106,502.0,1571826.82,5179057.72,2011
CPT-CBD-107,2059.0,1568982.51,5179005.48,2011
CPT-CBD-108,1012.0,1569436.36,5178977.77,2011
CPT-CBD-109,1013.0,1569961.07,5179026.1,2011
CPT-CBD-113,1017.0,1570959.43,5178996.84,2011
CPT-CBD-116,1020.0,1569130.28,5178827.55,2011
CPT-CBD-117,1021.0,1569474.84,5178876.41,2011
CPT-CBD-118,1022.0,1569574.89,5178889.54,2011
CPT-CBD-119,1023.0,1569846.81,5178884.05,2011
CPT-CBD-122,1028.0,1570660.78,5178889.04,2011
CPT-CBD-123,1029.0,1570922.33,5178859.17,2011
CPT-CBD-125,1031.0,1571451.07,5178818.12,2011
CPT-CBD-128,1034.0,1570371.1,5178612.76,2011
CPT-CBD-129,1035.0,1570731.77,5178612.98,2011
CPT-CBD-130,1036.0,1570827.07,5178581.83,2011
CPT-CBD-131,1037.0,1571163.11,5178640.75,2011
CPT-CBD-135,1041.0,1570662.57,5178386.98,2011
CPT-CBD-136,1042.0,1570827.08,5178342.44,2011
CPT-CBD-137,1043.0,1571121.26,5178287.22,2011
CPT-CBD-138,1044.0,1571449.22,5178351.17,2011
CPT-CBD-141,14453.0,1572725.0,5175980.0,2011
CPT-CBD-142,1048.0,1571919.85,5178791.62,2011
CPT-CBD-144,1050.0,1572285.16,5179150.35,2011
CPT-CBD-145,1051.0,1572072.34,5179356.86,2011
CPT-CBD-146,1052.0,1572271.6,5179379.09,2011
CPT-CBD-148,1054.0,1572292.23,5179451.98,2011
CPT-CBD-18,393.0,1571810.29,5180970.86,2011
CPT-CBD-21,396.0,1570375.61,5180888.53,2011
CPT-CBD-22,397.0,1570614.23,5180868.39,2011
CPT-CBD-25,401.0,1571381.08,5180915.98,2011
CPT-CBD-29,406.0,1570144.46,5180628.78,2011
CPT-CBD-32,409.0,1570908.85,5180654.25,2011
CPT-CBD-36,414.0,1571777.36,5180592.97,2011
CPT-CBD-37P,416.0,1569919.0,5180455.51,2011
CPT-CBD-42,423.0,1571138.47,5180416.94,2011
CPT-CBD-43,424.0,1571319.68,5180410.99,2011
CPT-CBD-45,426.0,1571607.2,5180398.89,2011
CPT-CBD-46,427.0,1571779.0,5180360.86,2011
CPT-CBD-47,428.0,1569897.01,5180217.58,2011
CPT-CBD-51,436.0,1570866.45,5180171.98,2011
CPT-CBD-53,438.0,1571344.07,5180155.24,2011
CPT-CBD-54,439.0,1571433.06,5180170.26,2011
CPT-CBD-55,440.0,1571779.25,5180195.5,2011
CPT-CBD-61,448.0,1571136.95,5180054.25,2011
CPT-CBD-65,452.0,1569888.41,5179752.55,2011
CPT-CBD-70,458.0,1571111.09,5179787.78,2011
CPT-CBD-74,462.0,1569968.22,5179539.86,2011
CPT-CBD-79,471.0,1571177.68,5179535.04,2011
CPT-CBD-82,474.0,1571745.11,5179578.8,2011
CPT-CBD-83,475.0,1569428.09,5179417.92,2011
CPT-CBD-86,478.0,1570166.79,5179357.79,2011
CPT-CBD-87,479.0,1570350.22,5179324.19,2011
CPT-CBD-91,483.0,1571358.9,5179337.78,2011
CPT-CBD-92,484.0,1571553.23,5179391.64,2011
CPT-CBD-94,486.0,1569140.92,5179094.56,2011
CPT-CBD-98P,491.0,1569879.48,5179176.59,2011
CPT-CBD-OC01,1009.0,1571080.28,5180388.49,2011
CPT-CBD-OC03,504.0,1571108.1,5180379.32,2011
CPT-CBD-PC01,505.0,1571079.78,5180387.0,2011
CPT-CBD-PC03,507.0,1571108.12,5180380.19,2011
CPT-CBD-Z2-1,27239.0,1570502.21,5180375.42,2011
CPT-CBD-Z2-11,27253.0,1570623.21,5180460.58,2011
CPT-CHM-08,1071.0,1570406.17,5176324.53,2011
CPT-CHM-12,1075.0,1570554.71,5176183.38,2011
CPT-FND-25,1162.0,1568501.05,5181766.68,2011
CPT-FND-27,1164.0,1568539.58,5181119.79,2011
CPT-FND-28,1165.0,1568235.36,5181136.81,2011
CPT-HLB-03,1216.0,1573365.21,5176968.37,2011
CPT-HLB-04,1217.0,1573402.57,5176950.53,2011
CPT-HLB-07,1220.0,1573413.86,5176633.96,2011
CPT-HLB-10,1223.0,1573538.31,5176722.49,2011
CPT-HLB-11,1224.0,1573666.56,5176925.27,2011
CPT-HLB-12,1225.0,1573661.84,5176763.43,2011
CPT-HNH-09,1238.0,1567055.41,5177121.08,2011
CPT-HNH-11,1239.0,1567663.25,5177139.63,2011
CPT-HNH-14,1241.0,1567298.83,5176839.25,2011
CPT-HNH-18,1245.0,1566747.11,5176513.5,2011
CPT-HNH-21,1247.0,1567983.8,5176761.87,2011
CPT-HNH-22,1248.0,1568189.33,5176910.9,2011
CPT-HNH-25,1250.0,1568661.44,5176874.31,2011
CPT-HNH-26,1251.0,1567989.58,5176277.12,2011
CPT-HNH-30,1254.0,1568243.25,5175891.42,2011
CPT-HNH-32,1256.0,1568356.25,5175655.9,2011
CPT-HNH-33,1257.0,1568640.0,5175713.03,2011
CPT-HNH-38,1261.0,1566840.07,5177511.99,2011
CPT-LWD-02,1360.0,1571935.3,5180646.32,2011
CPT-LWD-03,1361.0,1572275.21,5180705.28,2011
CPT-LWD-04,1362.0,1572574.76,5180781.82,2011
CPT-LWD-10,1368.0,1573734.99,5180674.44,2011
CPT-LWD-11,1369.0,1574360.22,5180665.44,2011
CPT-LWD-12,1370.0,1574116.86,5180484.12,2011
CPT-LWD-13,1371.0,1573810.2,5180382.12,2011
CPT-LWD-15,1373.0,1573330.25,5180284.75,2011
CPT-LWD-17,1375.0,1571824.38,5180400.82,2011
CPT-LWD-24,1381.0,1573253.9,5179919.05,2011
CPT-LWD-26,1383.0,1572527.86,5179107.87,2011
CPT-LWD-32,1389.0,1573684.4,5178577.58,2011
CPT-LWD-38,1395.0,1574187.46,5180342.15,2011
CPT-LWD-39,1396.0,1574370.83,5180734.91,2011
CPT-MRV-18,1412.0,1569499.35,5182058.89,2011
CPT-MRV-20,1414.0,1568903.81,5182027.39,2011
CPT-NBT-15,1429.0,1576238.53,5184085.64,2011
CPT-NBT-19,1433.0,1576260.54,5183400.36,2011
CPT-NBT-21,1435.0,1576689.57,5183579.63,2011
CPT-NBT-26,1438.0,1577072.23,5183485.21,2011
CPT-NBT-28,1439.0,1576999.33,5182961.39,2011
CPT-NBT-33,1441.0,1575981.75,5184006.81,2011
CPT-NBT-34,1442.0,1578173.96,5181502.22,2011
CPT-NBT-36,1443.0,1577915.39,5181879.65,2011
CPT-NBT-37,1444.0,1577869.6,5181927.17,2011
CPT-NBT-40,1445.0,1577879.63,5182401.25,2011
CPT-NBT-41,1446.0,1577689.42,5182456.8,2011
CPT-NBT-42,1447.0,1577517.5,5182578.56,2011
CPT-NBT-43,1448.0,1577737.64,5182604.66,2011
CPT-NBT-44,1449.0,1578020.43,5182556.62,2011
CPT-NBT-45,1450.0,1578043.27,5182379.42,2011
CPT-NBT-46,1451.0,1578147.62,5182239.73,2011
CPT-NBT-47,1452.0,1578131.91,5182044.01,2011
CPT-NBT-48,1453.0,1578150.61,5181805.9,2011
CPT-NBT-49,1454.0,1578221.91,5181674.11,2011
CPT-NNB-02,1457.0,1576659.17,5184563.24,2011
CPT-NNB-07,1459.0,1577290.93,5184259.07,2011
CPT-NNB-09,1461.0,1577240.91,5184055.08,2011
CPT-OPA-02,1463.0,1572027.14,5177886.08,2011
CPT-OPA-04,1465.0,1572404.02,5177662.93,2011
CPT-OPA-06,1467.0,1572476.04,5177626.81,2011
CPT-OPA-08,1468.0,1572507.55,5177469.63,2011
CPT-OPA-10,1470.0,1573062.67,5177494.41,2011
CPT-OPA-11,1471.0,1573095.28,5177648.89,2011
CPT-OPA-14,1474.0,1572537.33,5177329.67,2011
CPT-OPA-15,1475.0,1572792.41,5177217.1,2011
CPT-OPA-16,1476.0,1573028.91,5177332.48,2011
CPT-OPA-18,1478.0,1573234.74,5177267.31,2011
CPT-OPA-20,1480.0,1572957.87,5176851.21,2011
CPT-OPA-24,1482.0,1572375.86,5177133.42,2011
CPT-PAI-14,1492.0,1568706.54,5182934.02,2011
CPT-PAI-15,1493.0,1568530.37,5182644.97,2011
CPT-PAI-17,1495.0,1568983.3,5182993.07,2011
CPT-PAI-18,1496.0,1567724.07,5183502.86,2011
CPT-PAI-19,1497.0,1568201.92,5184335.52,2011
CPT-RCH-43,553.0,1572475.34,5180817.38,2011
CPT-RCH-44,554.0,1572349.5,5180815.21,2011
CPT-RCH-46,556.0,1572430.21,5181118.82,2011
CPT-RCH-50,560.0,1572149.03,5181390.39,2011
CPT-RCH-52,562.0,1571756.43,5181208.25,2011
CPT-RCH-54,564.0,1571813.15,5180885.57,2011
CPT-RCH-58,567.0,1572094.14,5180780.59,2011
CPT-RCH-59,568.0,1571977.51,5180975.1,2011
CPT-RCH-60,569.0,1571980.59,5180867.31,2011
CPT-RCH-63,572.0,1571925.03,5182212.44,2011
CPT-RCH-66,575.0,1572294.35,5182681.38,2011
CPT-RCH-67,576.0,1572280.89,5182457.98,2011
CPT-RCH-68,577.0,1572311.02,5182134.56,2011
CPT-RCH-70,579.0,1572520.65,5182677.79,2011
CPT-SHY-06,607.0,1572686.6,5183630.5,2011
CPT-SHY-10,609.0,1572240.93,5183300.74,2011
CPT-SHY-11,610.0,1572574.38,5183484.23,2011
CPT-SHY-13,612.0,1572304.45,5183507.13,2011
CPT-SHY-14,613.0,1572347.58,5183055.27,2011
CPT-SHY-15,614.0,1572356.6,5182827.99,2011
CPT-SHY-17,616.0,1572061.39,5183022.04,2011
CPT-SHY-21,620.0,1571841.96,5183443.03,2011
CPT-SHY-22,621.0,1571996.47,5182845.76,2011
CPT-SHY-25,624.0,1572094.05,5182821.12,2011
CPT-SHY-27,626.0,1572737.86,5183004.33,2011
CPT-SMF-01,627.0,1569643.77,5176739.65,2011
CPT-SMF-02,628.0,1569852.67,5176581.42,2011
CPT-SMF-05,631.0,1569938.44,5176653.74,2011
CPT-SMF-11,637.0,1570111.4,5176422.29,2011
CPT-SMF-14,210.0,1570897.06,5176447.72,2011
CPT-SMF-17,643.0,1570282.0,5176377.24,2011
CPT-SMF-20,646.0,1570499.37,5176696.95,2011
CPT-SMF-22,648.0,1570668.85,5176825.71,2011
CPT-SMF-23,649.0,1570656.12,5176969.15,2011
CPT-SMF-25,651.0,1570497.32,5177122.37,2011
CPT-SMF-26,652.0,1570403.82,5177337.2,2011
CPT-SMF-27,653.0,1570401.4,5177523.44,2011
CPT-SMF-28,654.0,1570315.66,5177608.05,2011
CPT-SMF-29,655.0,1570008.08,5177394.68,2011
CPT-SMF-30,656.0,1570182.09,5177233.14,2011
CPT-SNB-01,659.0,1578225.92,5181451.6,2011
CPT-SNB-02,660.0,1578181.85,5181155.64,2011
CPT-SNB-04,661.0,1578541.14,5180551.54,2011
CPT-SNB-06,662.0,1578254.43,5180758.32,2011
CPT-SNB-07,663.0,1578042.02,5180922.9,2011
CPT-SNB-08,664.0,1577963.31,5181214.71,2011
CPT-SPN-06,691.0,1568630.92,5177744.96,2011
CPT-SPN-08,693.0,1569327.82,5177889.82,2011
CPT-SPN-11,694.0,1569539.25,5177700.01,2011
CPT-SPN-15,696.0,1569636.95,5177446.72,2011
CPT-SPN-16,697.0,1568533.86,5177103.93,2011
CPT-SPN-17,698.0,1569030.57,5177130.56,2011
CPT-SPN-21,701.0,1568817.55,5176732.79,2011
CPT-SPN-25,703.0,1569810.76,5176342.86,2011
CPT-SPN-31,706.0,1569073.6,5175423.06,2011
CPT-SPN-32,707.0,1569246.08,5175837.36,2011
CPT-STA-14,732.0,1569121.18,5183137.9,2011
CPT-STA-15,733.0,1569336.43,5183210.69,2011
CPT-STA-17,735.0,1569182.64,5182834.9,2011
CPT-STA-18,736.0,1569489.23,5182986.57,2011
CPT-STA-20,738.0,1569589.22,5182784.0,2011
CPT-STA-24,741.0,1569913.29,5182979.6,2011
CPT-STA-32,749.0,1570027.63,5182521.24,2011
CPT-STA-37,754.0,1570017.2,5181985.97,2011
CPT-STA-42,758.0,1569733.15,5183541.93,2011
CPT-STA-45,761.0,1570217.91,5182860.35,2011
CPT-STA-48,764.0,1570942.62,5183057.23,2011
CPT-STA-57,772.0,1571800.51,5183266.22,2011
CPT-STA-61,775.0,1571822.04,5182379.93,2011
CPT-STA-63,777.0,1571255.15,5182342.83,2011
CPT-STA-67,781.0,1571096.16,5182099.12,2011
CPT-STA-68,782.0,1571520.81,5182100.47,2011
CPT-STA-69,783.0,1571660.0,5182254.05,2011
CPT-STA-72,786.0,1571637.49,5181944.95,2011
CPT-STA-74,788.0,1571640.84,5181614.83,2011
CPT-STA-77,791.0,1570869.68,5181309.71,2011
CPT-STM-03,794.0,1571757.68,5176643.21,2011
CPT-STM-04,795.0,1571575.33,5176879.98,2011
CPT-STM-06,797.0,1571793.93,5176913.92,2011
CPT-STM-08,799.0,1571664.97,5177048.99,2011
CPT-STM-10,801.0,1571729.38,5177341.98,2011
CPT-STM-18,809.0,1572396.28,5177447.17,2011
CPT-STM-19,810.0,1572239.68,5177171.36,2011
CPT-STM-21,812.0,1572364.39,5177215.06,2011
CPT-STM-23,814.0,1572299.01,5177041.49,2011
CPT-STM-26,817.0,1572013.41,5176944.52,2011
CPT-STM-27,818.0,1571824.54,5177200.25,2011
CPT-SYD-03,823.0,1571509.66,5178218.73,2011
CPT-SYD-09,829.0,1570956.83,5177477.98,2011
CPT-SYD-10,830.0,1570800.26,5177384.95,2011
CPT-SYD-13,832.0,1571337.9,5177173.55,2011
CPT-SYD-14,833.0,1571297.36,5177515.17,2011
CPT-VRN-03,14452.0,1572770.0,5176240.0,2011
CPT-VRN-04,14453.0,1572725.0,5175980.0,2011
CPT-VRN-06,14468.0,1572695.0,5176400.0,2011
CPT-VRN-07,14470.0,1572785.0,5176390.0,2011
CPT-VRN-09,14477.0,1572780.0,5176230.0,2011
CPT-VRN-10,14481.0,1572730.0,5176365.0,2011
CPT-VRN-17,14497.0,1572695.0,5176130.0,2011
CPT-WAI-32,871.0,1574674.1,5182299.67,2011
CPT-WAI-36,872.0,1574687.25,5181998.81,2011
CPT-WAI-37,873.0,1574771.07,5181909.21,2011
CPT-WAI-38,874.0,1574752.85,5181856.86,2011
CPT-WAI-40,876.0,1574782.37,5181708.87,2011
CPT-WAI-41,877.0,1574866.52,5182045.18,2011
CPT-WAI-42,878.0,1574943.83,5182276.08,2011
CPT-WAI-44,879.0,1575655.13,5182654.7,2011
CPT-WAI-45,880.0,1575773.27,5182497.38,2011
CPT-WAI-47,881.0,1575782.34,5182326.4,2011
CPT-WAI-59,882.0,1574927.73,5181718.36,2011
CPT-WAI-62,885.0,1575303.19,5181596.1,2011
CPT-WAI-63,886.0,1575605.47,5181503.27,2011
CPT-WAI-66,888.0,1575237.67,5182035.47,2011
CPT-WAI-67,889.0,1575444.22,5182203.08,2011
CPT-WAI-69,890.0,1575695.38,5181930.14,2011
CPT-WAI-70,891.0,1575923.3,5181694.17,2011
CPT-WAI-71,892.0,1576287.76,5181971.97,2011
CPT-WAI-72,893.0,1576003.96,5181922.33,2011
CPT-WAI-73,894.0,1575942.2,5182350.96,2011
CPT-WAI-74,895.0,1575755.18,5182121.96,2011
CPT-WAI-75,896.0,1574878.99,5181498.64,2011
CPT-WAI-76,897.0,1575179.18,5181277.79,2011
CPT-WAI-78,899.0,1574706.5,5181377.4,2011
CPT-WAI-81,902.0,1574661.08,5181012.96,2011
CPT-WAI-82,903.0,1574440.48,5181193.44,2011
CPT-WAI-84,905.0,1574266.73,5181105.15,2011
CPT-WAI-86,907.0,1575267.16,5181348.67,2011
CPT-WQP-01,911.0,1576708.45,5185272.06,2011
CPT-WQP-02,912.0,1576762.17,5185417.91,2011
CPT-WQP-03,913.0,1576696.36,5185659.11,2011
CPT-WQP-04,914.0,1576624.78,5185962.96,2011
CPT-WQP-05,915.0,1576484.29,5186362.19,2011
CPT-WQP-06,916.0,1576432.34,5186170.12,2011
CPT-WQP-07,917.0,1576381.97,5185958.44,2011
CPT-WQP-09,919.0,1576555.86,5185448.79,2011
CPT-WQP-11,921.0,1576414.22,5185147.52,2011
CPT-WQP-12,922.0,1576153.9,5185472.77,2011
CPT-WQP-13,923.0,1576326.47,5185583.96,2011
CPT-WQP-14,924.0,1576139.72,5185792.56,2011
CPT-WQP-16,926.0,1576051.17,5186121.48,2011
CPT-WQP-18,928.0,1576341.31,5186339.03,2011
CPT-WQP-20,930.0,1576197.25,5186469.69,2011
CPT-WQP-22,932.0,1575935.72,5186225.99,2011
CPT-WQP-23,933.0,1576223.88,5186155.34,2011
CPT-WSW-01,934.0,1572803.39,5178016.39,2011
CPT-WSW-03,936.0,1572922.16,5178452.26,2011
CPT-WSW-04,937.0,1573100.3,5178695.57,2011
CPT-WSW-05,938.0,1572889.7,5178044.92,2011
CPT-WSW-06,939.0,1573142.13,5178245.79,2011
CPT-WSW-09,942.0,1573233.03,5178097.25,2011
CPT-WSW-10,943.0,1573410.79,5178268.33,2011
CPT-WSW-11,944.0,1573428.01,5178485.85,2011
CPT-WSW-12,945.0,1573190.68,5177777.08,2011
CPT-WSW-20,952.0,1573258.17,5177730.29,2011
CPT-WSW-22,954.0,1573947.91,5178362.17,2011
CPT-WSW-25,957.0,1574601.15,5179005.55,2011
CPT-WSW-33,964.0,1574193.36,5176996.32,2011
CPT-WSW-34,965.0,1574145.67,5177977.56,2011
CPT-WSW-37,968.0,1574181.09,5177783.73,2011
CPT-WSW-38,969.0,1574693.67,5177453.99,2011
CPT-WSW-39,970.0,1574788.24,5177442.24,2011
CPT-WSW-40,971.0,1574544.69,5177661.75,2011
CPT-WSW-41,972.0,1574843.58,5177516.54,2011
CPT-WSW-44,975.0,1574551.16,5177976.65,2011
CPT-WSW-46,977.0,1575037.63,5178076.75,2011
CPT-WSW-48,979.0,1575205.7,5177780.53,2011
CPT-WSW-49,980.0,1575586.97,5177798.63,2011
CPT-WSW-50,981.0,1575611.08,5177990.62,2011
CPT-WSW-56,987.0,1575539.81,5178349.6,2011
CPT-WTM-02,990.0,1572270.31,5179133.2,2011
CPT-WTM-07,993.0,1572894.71,5178851.95,2011
CPT-WTM-08,994.0,1572182.57,5178528.14,2011
CPT-WTM-11,997.0,1572689.33,5178495.25,2011
CPT-WTM-19,1005.0,1571979.59,5178186.64,2011
CPT-WTM-21,1007.0,1571725.29,5178024.74,2011
AVD-POD01-CPT001,6276.0,1574720.61,5183131.63,2012
AVD-POD01-CPT015,17178.0,1575167.29,5183093.46,2012
AVD-POD03-CPT001,13717.0,1574885.15,5182772.77,2012
AVD-POD03-CPT007,5165.0,1574940.02,5182769.01,2012
AVD-POD03-CPT014,6469.0,1575001.84,5182874.33,2012
BIS-POD01-CPT005,14935.0,1566237.42,5185691.81,2012
BIS-POD01-CPT006,5556.0,1566319.49,5185781.68,2012
BIS-POD01-CPT014,6316.0,1571912.72,5180625.23,2012
BUR-POD01-CPT17,13803.0,1574483.92,5185498.16,2012
BUR-POD04-CPT06,7528.0,1575094.15,5183874.69,2012
CAS-POD01-CPT001,5561.0,1568383.83,5185966.13,2012
CCC-POD03-CPT011,6317.0,1571921.27,5180652.42,2012
CHM-POD01-CPT005,6320.0,1570560.55,5176588.0,2012
CHM-POD01-CPTB003,17190.0,1570348.98,5176270.13,2012
FND-POD06-CPTB002,5077.0,1567638.11,5181619.76,2012
FND-POD07-CPT12,4721.0,1567672.84,5181669.13,2012
FND-POD15-CPT02,4581.0,1568850.01,5181067.29,2012
HAL-POD01-CPT009,5672.0,1564219.59,5174717.91,2012
HNH-POD04-CPT001,16500.0,1568035.43,5176910.49,2012
HNH-POD04-CPT003,6324.0,1568326.51,5176665.58,2012
KAI-POD01-CPT006,6327.0,1573531.86,5196657.67,2012
KAI-POD01-CPT009,11090.0,1573471.83,5196774.46,2012
KAI-POD02-CPT002,11123.0,1572964.69,5196961.9,2012
KAI-POD02-CPT013,11130.0,1572937.37,5196865.49,2012
KAI-POD03-CPT009,11168.0,1572739.64,5196910.91,2012
KAI-POD03-CPTB002,7696.0,1572737.05,5196836.89,2012
KAI-POD04-CPT001,10025.0,1571489.46,5196989.62,2012
LWD-POD02-CPT006,11654.0,1573466.22,5178827.64,2012
LWD-POD03-CPTB001,6537.0,1573839.0,5180585.28,2012
MER-POD06-CPT006,15278.0,1569288.35,5181808.59,2012
MER-POD06-CPTB002,5491.0,1569243.24,5181760.13,2012
NBR-POD02-CPT06,17339.0,1575333.96,5177718.12,2012
NNB-POD02-CPT83,2384.0,1577015.49,5184548.11,2012
NNB-POD03-CPT28,2190.0,1576842.56,5184344.19,2012
NNB-POD03-CPT53,2191.0,1577057.98,5183924.36,2012
NNB-POD04-CPT02,2201.0,1576667.13,5184418.15,2012
NNB-POD04-CPT07,2202.0,1576666.13,5184400.66,2012
NNB-POD05-CPT04,3662.0,1576479.88,5184155.37,2012
NNB-POD05-CPT13,2764.0,1576493.43,5183853.5,2012
NNB-POD05-CPT18,2667.0,1576545.38,5184032.98,2012
NNB-POD06-CPT49,2251.0,1577021.0,5183939.85,2012
NNB-POD07-CPT37,2145.0,1576456.23,5183558.49,2012
NNB-POD07-CPT63,2168.0,1576452.48,5183627.96,2012
NNB-POD08-CPT14,10098.0,1576597.08,5183522.19,2012
NNB-POD08-CPT26,14296.0,1576587.25,5183714.35,2012
NNB-POD08-CPT638,7605.0,1576718.5,5183750.06,2012
NNB-POD08-CPT65,2295.0,1576559.44,5183448.54,2012
NNB-POD08-CPT666,4640.0,1576743.58,5183620.12,2012
NNB-POD08-CPT712,3757.0,1576586.05,5183587.26,2012
NNB-POD09-CPT119,2177.0,1577041.24,5183627.97,2012
NNB-POD09-CPT24,14412.0,1577046.28,5183580.73,2012
NNB-POD09-CPT62,15267.0,1577040.51,5183612.0,2012
NNB-POD09-CPT657,4514.0,1577045.07,5183504.04,2012
NNB-POD09-CPT691,5138.0,1576994.24,5183615.07,2012
NNB-POD09-CPT696,5107.0,1577080.1,5183584.37,2012
NNB-POD09-CPT70,2289.0,1577019.5,5183579.49,2012
NNB-POD09-CPT817,3762.0,1577117.13,5183215.52,2012
NNB-POD11-CPT16,3689.0,1576617.9,5185042.64,2012
NNB-POD12-CPT101,10596.0,1576863.5,5185054.03,2012
NNB-POD12-CPT109,2660.0,1576959.78,5184857.12,2012
PAP-POD01-CPT002,5574.0,1569143.62,5182979.78,2012
PAP-POD06-CPTB01,15296.0,1569628.05,5183336.16,2012
PAP-POD06-CPTB02,15386.0,1569483.9,5183388.75,2012
PRK-POD01-CPT30,3691.0,1574869.81,5186176.62,2012
PRK-POD02-CPT25,7638.0,1575226.11,5185768.7,2012
PRK-POD03-CPT20,3702.0,1575468.94,5185882.55,2012
RCH-POD01-CPT13,4587.0,1572010.23,5180982.74,2012
RCH-POD03-CPT31,4594.0,1571951.74,5181968.87,2012
RCH-POD03-CPT93,9024.0,1571997.75,5181564.02,2012
RCH-POD05-CPT63,14079.0,1572107.2,5182328.83,2012
RCH-POD06-CPT23,3974.0,1571945.41,5182606.47,2012
RCH-POD06-CPT67,15391.0,1572288.53,5182592.59,2012
SHY-POD01-CPT44,16658.0,1572546.88,5182811.66,2012
SPE-POD01-CPT036,14671.0,1575136.53,5192914.16,2012
SPN-POD04-CPT006,14104.0,1569653.36,5176541.69,2012
STA-POD02-CPT01,9029.0,1570097.56,5183502.14,2012
STA-POD02-CPT03,5148.0,1569808.5,5183459.39,2012
STA-POD02-CPTB002,4367.0,1570083.86,5183421.0,2012
STA-POD03-CPT03,4758.0,1569643.85,5182981.46,2012
STA-POD04-CPT01,4756.0,1569759.58,5182801.61,2012
STA-POD06-CPT03,3918.0,1569957.6,5182693.97,2012
STA-POD06-CPT05,4753.0,1569970.46,5182730.48,2012
STA-POD09-CPT07,4746.0,1570963.01,5182783.81,2012
STA-POD09-CPT28,14831.0,1570643.26,5182901.73,2012
STA-POD12-CPT02,15278.0,1569288.35,5181808.59,2012
STA-POD17-CPT07,9264.0,1571048.97,5181605.02,2012
STA-POD17-CPT21,19455.0,1570856.71,5181834.78,2012
STM-POD01-CPT009,14226.0,1572468.21,5177974.64,2012
STM-POD04-CPT003,11211.0,1572300.34,5177110.55,2012
STM-POD04-CPT007,17883.0,1572128.9,5177079.5,2012
STM-POD04-CPTB019,12179.0,1572169.84,5176954.14,2012
STM-POD04-CPTB020,17893.0,1572440.94,5177359.91,2012
STR-POD05-CPT005,9291.0,1568867.37,5183032.32,2012
SYD-POD01-CPT003,14436.0,1571323.13,5178047.27,2012
WAI-POD01-CPT09,5532.0,1574637.37,5182405.91,2012
WAI-POD03-CPT07,4541.0,1574823.58,5182330.18,2012
WAI-POD04-CPT03,5535.0,1575052.04,5182501.76,2012
WAI-POD09-CPT03,5089.0,1574956.66,5181631.73,2012
WAI-POD14-CPT012,11172.0,1574631.05,5181111.74,2012
WAI-POD15-CPT01,5542.0,1574866.55,5181115.83,2012
WQP-POD15-CPT209,7703.0,1576539.94,5185135.44,2012
WQP-POD15-CPT47,2952.0,1576414.48,5185572.53,2012
WST-POD03-CPTB04,15842.0,1575254.36,5178129.1,2012
WST-POD06-CPT002,4691.0,1574729.45,5178347.85,2012
WST-POD06-CPT003,6769.0,1574845.82,5178458.67,2012
WST-POD06-CPTB003,20129.0,1574857.26,5178272.8,2012
WST-POD07-CPT013,7992.0,1574105.4,5178520.13,2012
WST-POD09-CPT011,15589.0,1573199.81,5178440.25,2012
WST-POD09-CPTB003,8546.0,1573083.21,5178680.19,2012
WST-POD10-CPT007,17466.0,1573303.83,5178297.1,2012
WST-POD10-CPT012,9524.0,1573280.42,5178199.77,2012
WTM-POD02-CPTB001,17022.0,1572354.89,5179030.85,2012
WTM-POD04-CPT010,17478.0,1572379.71,5178666.23,2012
BIS-TC201-CPT011,19696.0,1566298.71,5185433.56,2013
BIS-TC201-CPT035,22994.0,1566020.0,5185443.0,2013
CCC-POD01-CPT007,21758.0,1570005.01,5180643.93,2013
CCC-POD02-CPT055,37819.0,1571128.0,5180913.0,2013
CHM-POD01-CPT008,18885.0,1570525.19,5176522.56,2013
FND-POD01-CPT10,19128.0,1567992.54,5181616.53,2013
FND-POD06-CPT11,15238.0,1567354.06,5181533.39,2013
HAR-TC201-CPT002,23013.0,1566532.22,5185948.91,2013
HNH-POD03-CPT013,23247.0,1567989.42,5176941.32,2013
HNH-POD05-CPT008,16634.0,1568214.86,5176709.6,2013
ILA-POD01-CPT020,16509.0,1567149.75,5181895.21,2013
MER-POD07-CPT007,16870.0,1569606.06,5181946.7,2013
MER-POD07-CPT012,18919.0,1569725.2,5181929.53,2013
MER-POD07-CPT013,18634.0,1569644.48,5181884.2,2013
MER-POD10-CPT010,18921.0,1569498.75,5182553.85,2013
NNB-POD09-CPT669,33854.0,1575296.11,5181312.33,2013
PAP-POD06-CPT014,18945.0,1569371.95,5183510.62,2013
PAP-TC201-CPT024,18814.0,1569028.99,5183358.89,2013
SHY-POD03-CPT204,15944.0,1572217.17,5182949.91,2013
SHY-TC201-CPT014,21557.0,1572883.46,5183100.37,2013
STA-POD04-CPT04,16828.0,1569683.15,5182810.99,2013
STM-POD01-CPT017,19481.0,1572309.54,5177852.12,2013
STM-POD03-CPT023,15820.0,1572645.38,5177118.61,2013
SYD-POD01-CPT014,16233.0,1571023.15,5178129.39,2013
WST-POD07-CPT004,21371.0,1573937.11,5178292.97,2013
CPT01,55198.0,1572665.86,5178813.76,2015
CPT01,57096.0,1573644.41,5180799.01,2015
CPT01,55195.0,1571668.22,5179792.35,2015
CPT01,62499.0,1569952.77,5183721.78,2015
CPT01,62501.0,1570261.44,5180793.46,2015
CPT02,59777.0,1571925.06,5181765.59,2015
CPT02,55196.0,1571664.22,5179740.37,2015
CPT02,85062.0,1573952.25,5182206.47,2015
CPT02,62502.0,1570342.25,5180793.81,2015
CPT03,55197.0,1571637.23,5179738.37,2015
CPT01,63136.0,1569214.06,5183696.77,2016
CPT01,85064.0,1569290.22,5177887.0,2016
CPT01,85068.0,1569388.88,5188902.81,2016
CPT01,62512.0,1573177.28,5179139.81,2016
CPT03,87017.0,1571690.08,5180556.83,2016
CPT05,71729.0,1571042.46,5180061.22,2016
