oid,year,qc1Ncs,mF,LSN_F,hc
AVD-POD01-CPT001,2012,116.24602260067616,1,15.412474593466465,True
AVD-POD01-CPT015,2012,93.29540632929758,1,18.22255590921645,True
AVD-POD03-CPT001,2012,83.67880815093469,1,18.76304126748638,True
AVD-POD03-CPT007,2012,93.1757128689375,1,18.91068595391627,True
AVD-POD03-CPT014,2012,95.27907549416013,1,17.650632639730464,True
BIS-POD01-CPT005,2012,81.91636367023779,1,8.762368318867527,True
BIS-POD01-CPT006,2012,81.30221392698812,1,7.648828592735503,True
BIS-POD01-CPT014,2012,75.43957978689028,1,15.930948362284385,True
BIS-TC201-CPT011,2013,73.82963065472129,0,6.833383148723295,True
BIS-TC201-CPT035,2013,77.9768726298172,0,6.911399169021508,True
BUR-POD01-CPT17,2012,108.17781338707152,1,7.234569140466575,True
BUR-POD04-CPT06,2012,95.3731009380318,1,14.535047394808332,True
CAS-POD01-CPT001,2012,85.05228283913081,1,8.482508930325944,True
CCC-POD01-CPT007,2013,82.184229425542,1,4.271266434734672,True
CCC-POD02-CPT055,2013,108.47585622366395,1,8.128635264145148,True
CCC-POD03-CPT011,2012,123.33944641665268,1,4.980208577653353,True
CHM-POD01-CPT005,2012,409.2720155758216,1,0.0,True
CHM-POD01-CPT008,2013,81.57341211934573,1,3.445986348659921,True
CHM-POD01-CPTB003,2012,79.77368571810402,1,8.471317320738784,True
CPT-ARN-01,2010,131.5367278649672,1,13.25450653302823,True
CPT-ARN-02,2010,137.49778980388615,1,7.518106579792506,True
CPT-ARN-04,2010,105.22987327121606,1,11.824167443727156,True
CPT-ARN-19,2011,91.9732796732262,1,20.02072121013901,True
CPT-ARN-21,2011,135.4618911195305,1,10.023474259064846,True
CPT-ARN-22,2011,105.83184680165438,1,18.76798039475211,True
CPT-ARN-23,2011,107.09844347090902,1,14.81731873451441,True
CPT-ARN-24,2011,115.91605109706752,1,13.59419120064346,True
CPT-ARN-25,2011,91.313255984059,1,14.761178082419809,True
CPT-ARN-26,2011,105.14097081902148,1,15.813726501774967,True
CPT-ARN-28,2011,102.46917190808009,1,14.74594075501586,True
CPT-ARN-30,2011,89.48378345276416,1,18.24178129630588,True
CPT-ARN-31,2011,106.23257102660604,1,19.648087976236265,True
CPT-ARN-33,2011,130.1575543763192,1,14.923227391590032,True
CPT-AVD-02,2010,91.43161356661636,1,17.784771918370765,False
CPT-AVD-09,2010,78.21000783219368,1,22.26673874595016,True
CPT-AVD-13,2010,89.18143056755353,1,20.271382435091176,True
CPT-AVD-14,2010,84.53703459474787,0,23.407817212580827,True
CPT-AVD-15,2010,86.54072731919062,0,22.15529140070852,True
CPT-AVD-16,2010,74.40986437958824,0,23.71382192441976,True
CPT-AVD-17,2010,75.01231121070516,0,23.10362132549545,True
CPT-AVD-18,2010,80.75147002624165,0,19.52311157709914,True
CPT-AVD-19,2010,83.03824253863489,1,19.022721036004924,True
CPT-AVD-30,2011,95.55956404751662,1,17.519310329735113,True
CPT-AVD-32,2011,85.82776852946479,1,20.958651847802606,True
CPT-AVD-36,2011,78.6690181157253,1,18.613267292886096,True
CPT-AVD-37,2011,92.53651991836436,1,17.037879764101362,True
CPT-AVD-38,2011,99.3155269447344,1,14.473272518234044,True
CPT-AVD-40,2011,89.23139953008663,1,19.21577081872946,True
CPT-AVD-41,2011,99.85414377111618,1,13.614287745704608,True
CPT-AVD-42,2011,90.9538110051497,1,18.27413443329712,True
CPT-AVD-43,2011,92.30632869190664,1,19.190309358498613,True
CPT-AVD-44,2011,89.49444890824887,1,17.63818833910263,True
CPT-AVD-47,2011,89.51327175861347,1,19.468858734946373,True
CPT-AVD-48,2011,89.08383015403386,1,19.873941596624388,True
CPT-AVD-49,2011,85.50902359739815,1,20.87984846919893,True
CPT-AVD-50,2011,88.82559929436148,1,18.573228619084645,True
CPT-AVD-51,2011,92.49878905643456,1,17.56668752416891,True
CPT-AVD-54,2011,92.38423751448106,1,18.843356655600388,True
CPT-AVD-56,2011,97.6080128878689,1,12.64858182509874,True
CPT-AVD-57,2011,104.15234326994688,1,18.80567728347254,True
CPT-AVD-62,2011,111.62800759866042,1,16.20101993952914,True
CPT-AVL-02,2010,57.29695371942431,0,21.424540546623074,True
CPT-AVL-04,2010,82.20550616943595,1,13.385450064205376,True
CPT-AVL-05,2010,101.28061565485692,1,10.008715360171934,True
CPT-AVS-01,2010,82.33037326729622,1,7.190169607660656,True
CPT-AVS-02,2010,52.29120096414257,0,8.091708003674555,False
CPT-AVS-07,2010,92.8785022870675,1,15.997047214749736,True
CPT-AVS-08,2010,72.64606739062594,1,16.353360610350144,True
CPT-AVS-10,2010,66.79918320594803,0,18.304600311227983,True
CPT-AVS-11,2010,75.66360589621489,1,9.8824645574814,True
CPT-AVS-12,2010,79.87538410040304,1,12.50042971600797,True
CPT-AVS-15,2010,137.85666326765892,1,6.747912063252935,True
CPT-AVS-16,2010,119.52750253484275,1,8.401190136997347,True
CPT-AVS-17,2010,113.93339482657215,0,17.605764824966496,True
CPT-AVS-18,2010,135.45498974251984,1,9.908286149639013,True
CPT-AVS-20,2010,87.79422809122279,1,16.38625085769504,True
CPT-AVS-21,2010,75.22114961773681,1,24.1602828929952,True
CPT-AVS-22,2010,124.8614858563663,1,11.776199541150348,True
CPT-AVS-23,2010,83.52933713663732,0,17.186163753017922,True
CPT-AVS-24,2010,86.79917731306666,0,17.524917625074863,True
CPT-AVS-25,2010,79.43182840668267,0,18.35191597200632,True
CPT-AVS-26,2010,92.47328892178632,0,14.347772447249202,True
CPT-AVS-28,2010,73.45391034189957,0,17.202038467213566,True
CPT-AVS-29,2010,93.82215223809318,0,20.890666764011858,True
CPT-AVS-30,2010,83.57765985927942,0,18.66182095403716,True
CPT-AVS-31,2010,120.63565753762644,0,13.887044236684066,True
CPT-AVS-35,2011,90.01887850462039,1,8.769584998270464,True
CPT-AVS-39,2011,107.12443410535806,1,4.150966333704172,True
CPT-AVS-41,2011,86.59607056387551,1,10.99970771011381,True
CPT-AVS-42,2011,125.03842800442251,1,7.692385254262417,True
CPT-AVS-43,2011,96.81456184159384,1,6.3952616616540485,True
CPT-AVS-45,2011,112.96671599212328,1,11.1356683472329,True
CPT-AVS-49,2011,120.19374217389388,1,12.256590573461295,True
CPT-AVS-51,2011,117.94177498145694,1,13.735645154242818,True
CPT-AVS-55,2011,124.0134866806982,1,14.744751503320044,True
CPT-AVS-57,2011,106.5249054909937,1,12.301310807624148,True
CPT-BDL-01,2010,83.66097057687632,1,4.483645975121713,True
CPT-BDL-02,2010,75.07582067758341,0,7.236501040916087,True
CPT-BDL-03,2010,86.29004272049373,0,6.498987936991984,True
CPT-BDL-06,2010,70.13068563245032,1,10.502704717882008,True
CPT-BDL-10,2010,67.76470749853219,1,10.338572241411963,True
CPT-BDL-11,2010,67.21142272569433,1,13.418622272941818,False
CPT-BEX-01,2010,84.76822698688109,1,26.68182664358933,True
CPT-BEX-04,2010,108.45770020547045,1,23.841721862388205,True
CPT-BEX-06,2010,117.04139669569786,1,21.013173542012105,True
CPT-BEX-07,2010,97.7357674877291,1,22.44203049337397,True
CPT-BEX-08,2010,90.5199232156971,1,24.05734879351517,True
CPT-BEX-09,2010,86.06605615871447,1,21.731932670230243,True
CPT-BEX-10,2010,131.19652074955587,1,18.30093628898129,True
CPT-BEX-11,2010,91.22685362449567,1,27.052299269593544,True
CPT-BEX-12,2010,82.42207900306391,1,24.681783324960207,True
CPT-BEX-13,2010,81.68373789994689,1,23.796299699940985,True
CPT-BEX-14,2010,91.43824069877088,1,25.858020932251943,True
CPT-BEX-16,2010,78.74347942065647,1,26.51057800166714,True
CPT-BEX-17,2010,88.1046932932233,1,23.9427706373243,True
CPT-BEX-18,2010,105.13345865930472,1,15.289666600153634,False
CPT-BEX-19,2010,92.35172980841214,1,19.599393037629422,True
CPT-BEX-26,2010,91.5654474205112,1,16.282192330858784,True
CPT-BEX-27,2010,107.49157601973155,1,14.983872475429934,True
CPT-BEX-29,2010,85.46638856248555,0,12.526030969965548,True
CPT-BEX-33,2010,85.23658661701631,1,15.792654112541085,True
CPT-BEX-35,2010,103.9653669919223,1,20.3476673395084,True
CPT-BFT-08,2010,72.1737084337226,1,6.771396919029079,True
CPT-BFT-10,2010,78.58137583174359,1,8.536491000137264,True
CPT-BKM-09,2011,61.87806356173128,1,14.219897682896615,True
CPT-BKM-11,2011,81.6292045749261,1,11.88595637270978,True
CPT-BKM-14,2011,226.28000662885603,0,0.0,True
CPT-BKM-15,2011,84.19698946282199,1,7.989129001198797,False
CPT-BKM-19,2011,89.27674066477138,0,14.654799098067588,True
CPT-BKM-20,2011,87.54890234727829,0,6.522884905454639,True
CPT-BKM-21,2011,79.4998007378762,1,3.715440306618026,True
CPT-BKM-25,2011,70.66152164681472,1,10.476972564400418,True
CPT-BKM-31,2011,81.20099944735826,1,8.539170400226375,True
CPT-BRK-01,2010,101.40781647074762,0,9.57142168145572,True
CPT-BRK-02,2010,115.91605552061748,1,12.688325433263566,True
CPT-BRK-03,2010,116.66745618348448,1,12.342000008011231,True
CPT-BRK-04,2010,134.4420471047792,1,8.705776511726736,True
CPT-BRK-05,2010,90.05120001360369,1,8.71650485269883,True
CPT-BRK-07,2010,103.43667086613512,1,8.701676811030271,True
CPT-BRK-09,2010,92.50759855776428,1,5.204297059417925,True
CPT-BRK-12,2010,93.81390319240072,1,9.675584498693764,True
CPT-BRK-15,2010,92.03957904198752,1,9.795384051202907,True
CPT-BRK-18,2010,110.91498942406974,1,11.355440603210145,True
CPT-BRY-01,2011,98.6879217827433,1,14.535381245197954,True
CPT-BRY-03,2011,125.02286995646172,1,9.730615126730235,True
CPT-BRY-05,2011,134.0788542408635,1,11.434839724268029,True
CPT-BRY-08,2011,98.97958297358907,1,19.59810492549361,True
CPT-BRY-10,2011,136.26719590550607,1,11.572326362496405,True
CPT-BRY-11,2011,135.95118927835674,0,6.679955071701214,True
CPT-BRY-12,2011,118.89331124874566,1,19.87707074799955,True
CPT-BRY-13,2011,146.30209239303525,0,8.129224206657724,True
CPT-BRY-15,2011,109.007565374319,1,20.918683831258363,True
CPT-BRY-16,2011,128.22926559526113,0,14.489895948543516,True
CPT-BRY-18,2011,97.48152027035349,1,17.4926798184919,True
CPT-BRY-20,2011,133.75706384877478,1,13.337404585694212,True
CPT-BRY-21,2011,102.72597490879852,1,13.392564631768517,True
CPT-BRY-22,2011,139.525154680196,1,6.621067438439342,True
CPT-BUR-03,2010,79.9931686389979,1,19.812132782290504,True
CPT-BUR-05,2010,76.53227538749113,1,21.700015699783343,True
CPT-BUR-06,2010,84.74244094676874,1,26.236861004670537,True
CPT-BUR-07,2010,78.88452204982488,1,22.691343616366023,True
CPT-BUR-08,2010,87.84943741381295,1,16.283384926422677,True
CPT-BUR-101,2011,111.43899886920448,1,11.556384953983656,True
CPT-BUR-102,2011,108.31843229249624,1,11.679670675237716,True
CPT-BUR-104,2011,120.41795605105182,1,10.26815781361436,True
CPT-BUR-105,2011,137.01783617333413,1,6.580204964969854,True
CPT-BUR-11,2010,79.68360908363604,1,16.979136043979132,True
CPT-BUR-12,2010,85.36846942837043,1,15.944291961682312,True
CPT-BUR-18,2010,80.09087917953558,1,16.76502220482737,True
CPT-BUR-19,2010,71.33169903121973,1,23.494118537734145,True
CPT-BUR-26,2010,85.6481167638069,1,15.212675299923353,True
CPT-BUR-27,2010,97.97426041445748,1,14.40111842443996,True
CPT-BUR-28,2010,120.80734672576494,1,6.037849791739368,True
CPT-BUR-29,2010,78.31302001806935,1,20.30436499646592,True
CPT-BUR-30,2010,76.16431881862754,1,16.876417215184997,True
CPT-BUR-31,2010,85.16425978366941,1,14.61496551193879,True
CPT-BUR-33,2010,159.13682482909837,1,0.7586892907236498,True
CPT-BUR-34,2010,108.13282755612371,1,12.940558120168523,True
CPT-BUR-35,2010,85.11360915404923,1,14.472806681868228,True
CPT-BUR-36,2010,79.35438092332885,1,17.3653028035058,True
CPT-BUR-37,2010,101.99207983486788,1,9.703702830108792,True
CPT-BUR-38,2010,87.37519754649998,1,17.74479913918757,True
CPT-BUR-39,2010,81.49798513115817,1,18.06090292573157,True
CPT-BUR-41,2010,82.50634174348946,1,19.473382816110583,True
CPT-BUR-42,2010,83.33127314392144,1,16.05389755974067,True
CPT-BUR-43,2010,84.94719209631097,1,17.79341860128985,True
CPT-BUR-44,2010,86.90272436353246,1,23.720415145209824,True
CPT-BUR-46,2010,91.60031689675628,1,20.095465131809195,True
CPT-BUR-47,2010,98.4746685535529,1,11.534330169734924,True
CPT-BUR-48,2010,96.6639018336762,1,16.74696719036079,True
CPT-BUR-49,2010,88.58827932907775,1,22.30990013739632,True
CPT-BUR-51,2010,77.87877424130274,1,17.178127938736747,True
CPT-BUR-52,2010,85.69584284645606,1,18.46525333185138,True
CPT-BUR-53,2010,78.20018132196046,1,17.024158200542644,True
CPT-BUR-54,2010,78.68058428906338,0,17.622237218841736,True
CPT-BUR-57,2010,78.77146680473766,1,21.81614050504015,True
CPT-BUR-58,2010,80.28369993050673,1,21.01632816880841,True
CPT-BUR-59,2010,79.5501138695704,1,18.09467121442868,True
CPT-BUR-60,2010,81.24775812291733,1,20.13254341007472,True
CPT-BUR-70,2011,101.44504905255624,1,18.81338096237051,True
CPT-BUR-71,2011,97.21120173678176,1,18.402977352949417,True
CPT-BUR-72,2011,106.48011525915732,1,16.10120714103829,True
CPT-BUR-73,2011,103.1168803199744,1,17.12506453619939,True
CPT-BUR-77,2011,82.19026197319864,1,24.41341545167186,True
CPT-BUR-78,2011,88.10974586725882,1,22.01901029892032,True
CPT-BUR-79,2011,80.31862853279524,1,19.67167552800821,True
CPT-BUR-80,2011,112.956979862062,1,15.33010389592607,True
CPT-BUR-81,2011,103.20744684661196,1,15.824187770774593,True
CPT-BUR-82,2011,120.15685448771522,1,13.560082493044566,True
CPT-BUR-84,2011,87.63368844078599,1,10.474989178221788,True
CPT-BUR-88,2011,87.58058029465327,1,12.197120035774963,True
CPT-BUR-93,2011,132.25263666731027,1,8.500169042913104,True
CPT-BUR-96,2011,95.8559145091553,1,8.497018519667575,True
CPT-BUR-99,2011,99.77655691066538,1,11.313330323791227,True
CPT-BYR-01,2011,88.7877290377763,1,3.96242651716804,True
CPT-CBD-04,2011,83.56352318058066,0,7.122852882051306,False
CPT-CBD-07,2011,71.36599465390428,1,6.000401994290133,True
CPT-CBD-10,2011,112.03349512434008,0,4.798778864504408,True
CPT-CBD-101P,2011,86.0478160501962,1,15.64671712876695,True
CPT-CBD-105,2011,97.2033679086441,0,8.16434163698216,True
CPT-CBD-106,2011,99.90046960855436,1,15.126809591329897,True
CPT-CBD-107,2011,63.86651127501589,0,6.504258530003579,True
CPT-CBD-108,2011,93.5471615928626,1,11.571769304720958,True
CPT-CBD-109,2011,81.69911992795485,1,11.266643845527833,True
CPT-CBD-113,2011,84.75259334877241,0,13.944824536990058,True
CPT-CBD-116,2011,76.34824352602134,1,5.335028387916529,True
CPT-CBD-117,2011,75.60496526789025,1,9.670544589285964,True
CPT-CBD-118,2011,73.11500194052276,1,12.163544376253164,True
CPT-CBD-119,2011,76.82659732646638,1,11.852986085170194,True
CPT-CBD-122,2011,79.30114568422051,1,14.386079790854009,True
CPT-CBD-123,2011,91.18726885639474,0,12.878005118238326,True
CPT-CBD-125,2011,81.78998531896752,0,10.19101501797946,True
CPT-CBD-128,2011,79.20294039712505,1,14.865537136039594,True
CPT-CBD-129,2011,79.23982331431385,1,17.223038363127024,True
CPT-CBD-130,2011,86.46895274528565,1,14.465159715711511,True
CPT-CBD-131,2011,85.40033971101025,0,16.879111204543754,True
CPT-CBD-135,2011,101.36217292568644,1,12.740923150605823,True
CPT-CBD-136,2011,77.854240237219,1,16.681517271238857,True
CPT-CBD-137,2011,72.35859654915076,1,12.122666211424704,True
CPT-CBD-138,2011,80.74541889315374,1,7.880581128618304,True
CPT-CBD-141,2011,80.83182081338983,0,19.266862882380995,False
CPT-CBD-142,2011,84.35442670439816,1,6.447401259126927,True
CPT-CBD-144,2011,92.94746610942023,1,15.137787013069865,True
CPT-CBD-145,2011,96.5281959857238,1,12.167144204691493,True
CPT-CBD-146,2011,82.49878781098177,1,8.599506809342351,True
CPT-CBD-148,2011,93.6059967673774,1,16.43242002504418,True
CPT-CBD-18,2011,99.60375512318342,1,10.277282395379563,True
CPT-CBD-21,2011,106.29456702521328,1,5.542150219627722,True
CPT-CBD-22,2011,98.72454923011924,1,4.61759801737977,True
CPT-CBD-25,2011,86.44184820863049,1,15.226975487897676,True
CPT-CBD-29,2011,81.87397871878301,1,7.710558515647992,True
CPT-CBD-32,2011,103.17664541711338,1,13.28577148644574,True
CPT-CBD-36,2011,122.12565345565604,1,5.701675095236531,True
CPT-CBD-37P,2011,99.2273700217918,0,7.3574663988847,True
CPT-CBD-42,2011,83.85764656777579,1,4.7868650499961785,True
CPT-CBD-43,2011,94.83438407700244,1,5.965589894753649,True
CPT-CBD-45,2011,129.45404943582037,0,4.937751613986354,True
CPT-CBD-46,2011,138.76754666063783,0,5.033654063836571,True
CPT-CBD-47,2011,78.99469462876294,1,5.847127668604552,True
CPT-CBD-51,2011,115.02121379880136,0,3.840654125699957,True
CPT-CBD-53,2011,94.32728108705142,0,7.602699533171832,True
CPT-CBD-54,2011,99.03749696697692,0,6.071455688920572,True
CPT-CBD-55,2011,148.8333332555964,0,1.685481422522265,True
CPT-CBD-61,2011,98.66817538074945,0,8.004133608236838,True
CPT-CBD-65,2011,90.52471167146388,1,3.6972739666309593,True
CPT-CBD-70,2011,101.0274858784318,1,2.919582286950141,True
CPT-CBD-74,2011,90.62554449360768,1,11.914440064393943,True
CPT-CBD-79,2011,103.4098563358102,0,11.659538635820308,True
CPT-CBD-82,2011,91.05777377983507,1,14.579927554877615,True
CPT-CBD-83,2011,88.0211660816239,0,12.89111421805756,True
CPT-CBD-86,2011,79.6401294664713,1,10.557308233994505,True
CPT-CBD-87,2011,84.81080338432152,1,6.546549425519782,True
CPT-CBD-91,2011,105.28641640163389,0,13.911991392932247,True
CPT-CBD-92,2011,103.7587656859314,1,13.550016687874356,True
CPT-CBD-94,2011,71.99670378610969,0,10.335641477703698,True
CPT-CBD-98P,2011,61.94655348190909,1,9.174344455994644,True
CPT-CBD-OC01,2011,104.46081014072357,1,6.768985339989257,True
CPT-CBD-OC03,2011,113.36618806697103,1,3.6608693758509374,True
CPT-CBD-PC01,2011,129.08186879979434,1,4.860251697201855,True
CPT-CBD-PC03,2011,136.98679136204703,1,3.2242655459947587,True
CPT-CBD-Z2-1,2011,126.51369038997596,0,3.361979127725569,True
CPT-CBD-Z2-11,2011,114.10359221954512,1,3.801944093207592,True
CPT-CBK-03,2010,71.80849235602165,0,8.492995691475034,True
CPT-CBK-04,2010,105.4858044367238,1,1.999950800353617,True
CPT-CBK-08,2010,82.75690216904752,1,9.124406628907014,True
CPT-CHM-08,2011,80.14199555814261,1,8.727184604668356,True
CPT-CHM-12,2011,75.88408179899199,1,7.921523503208108,True
CPT-DAL-07,2010,90.68554711033948,1,22.35020999369033,False
CPT-DAL-10,2010,68.29614883882482,1,13.681901428936133,True
CPT-DAL-11,2010,130.55009410182478,1,10.056396716053214,True
CPT-DAL-12,2010,88.84224128763789,1,9.404698378978402,True
CPT-DAL-17,2010,133.49132110702283,1,9.140080762112596,True
CPT-DAL-19,2010,89.98390873723953,1,16.125653304396526,True
CPT-DAL-20,2010,105.8768634569876,1,15.58584602712646,True
CPT-DAL-22,2010,139.2648616830985,1,7.383893413933313,True
CPT-DAL-23,2010,85.03888749384839,1,15.25424555031612,True
CPT-DAL-25,2010,80.49140881321394,1,19.795342945125785,True
CPT-DAL-26,2010,136.70813448923838,1,8.598315441017288,True
CPT-DAL-27,2010,85.97529054963525,1,19.004626295391333,True
CPT-DAL-28,2010,97.39262884599812,1,14.190271427457988,True
CPT-DAL-29,2010,83.14187984978777,1,17.742271786763,True
CPT-DAL-31,2010,91.72410024193212,1,21.92790983009065,True
CPT-DAL-33,2010,79.42318987186303,1,18.52065066547459,True
CPT-DAL-37,2010,79.86806031253825,1,23.792782731817752,True
CPT-DAL-38,2010,150.7251051066862,1,4.9779944606948,True
CPT-DAL-40,2010,104.32257707873109,1,14.415907969822603,True
CPT-DAL-41,2010,141.88329618122353,1,4.893431239208004,True
CPT-DAL-42,2010,87.5555151437421,1,18.93303751592596,True
CPT-DAL-43,2010,90.22239590321465,1,17.015711798344753,True
CPT-DAL-44,2010,111.92469703888176,1,17.22862626689966,True
CPT-DAL-45,2010,114.39157711557272,1,17.099117077862452,True
CPT-DAL-46,2010,109.78265113099911,1,17.755852860303033,False
CPT-DAL-48,2010,82.89962177875228,1,17.475369665794318,True
CPT-DAL-49,2010,79.40779282579786,1,18.628225552499742,True
CPT-DAL-50,2010,132.94396929622627,0,12.21280589676633,True
CPT-DAL-51,2010,127.86559448601488,0,9.35740314250015,True
CPT-DAL-53,2010,78.88956243907117,1,16.07241640052626,True
CPT-DAL-54,2010,119.53541251777229,0,3.0575261684633857,True
CPT-DAL-55,2010,98.1156890810362,1,16.384097078329617,True
CPT-DAL-57,2010,83.35643440792892,1,20.668973207213483,True
CPT-DAL-58,2010,84.55834129366633,0,22.29113233063623,True
CPT-DAL-59,2010,87.76421787986376,0,15.920527352531607,True
CPT-DAL-60,2010,98.77960412456105,0,19.794515743093864,True
CPT-DAL-61,2010,89.80764865531704,1,20.02321844734452,True
CPT-DAL-62,2010,84.19307818388525,1,21.5415160974344,True
CPT-FND-07,2010,80.41937377203485,1,3.3988384474443896,True
CPT-FND-10,2010,85.15381471144947,1,8.506468689843553,True
CPT-FND-25,2011,68.66374590949611,0,21.41887603764771,True
CPT-FND-27,2011,87.77110345495849,1,6.071848749432455,True
CPT-FND-28,2011,88.17901964286762,0,5.309501223934561,True
CPT-HAL-03,2010,58.01734705208749,0,17.900259971534155,True
CPT-HAL-14,2010,69.1069502710596,0,5.99316175423655,True
CPT-HAL-15,2010,67.47328885108139,0,6.74100087693065,True
CPT-HAL-18,2010,75.03646433893392,0,8.215512926389572,True
CPT-HAL-24,2010,86.12799926899483,0,6.708145257538437,True
CPT-HAL-27,2010,77.67828809943536,1,9.271107773344273,True
CPT-HAL-32,2010,71.95164417263858,1,6.296387121668765,True
CPT-HAL-35,2010,81.74220544275337,0,10.43543208791711,True
CPT-HAL-36,2010,80.50838746786512,1,10.20092234883044,True
CPT-HAL-37,2010,69.86636151358458,0,12.241791892893367,True
CPT-HAL-40,2010,71.90852460277921,0,6.728111744933417,True
CPT-HAL-42,2010,81.09952535685862,0,8.714113629665379,True
CPT-HAL-44,2010,72.90639912199526,1,12.163768624564984,True
CPT-HAL-45,2010,64.81941546252278,0,8.861954753002511,True
CPT-HLB-03,2011,84.04977775324473,1,19.90663883298481,True
CPT-HLB-04,2011,85.44844741334356,1,17.36798555658146,True
CPT-HLB-07,2011,72.52919619044118,1,23.63325377839955,True
CPT-HLB-10,2011,77.67075475326223,1,10.799404995931212,True
CPT-HLB-11,2011,98.3868164190501,1,14.526796014878746,True
CPT-HLB-12,2011,81.76956763249295,1,17.050519441015624,True
CPT-HNH-02,2010,75.92372300034495,1,12.335015165703355,True
CPT-HNH-03,2010,70.55454262309195,1,13.461963652477989,True
CPT-HNH-09,2011,65.88107947751833,1,13.876005123536684,True
CPT-HNH-11,2011,78.83528105553978,1,7.925907617520762,True
CPT-HNH-14,2011,64.29420872673441,1,11.5354627103878,True
CPT-HNH-18,2011,74.58433219434062,1,20.20370733452069,True
CPT-HNH-21,2011,86.87301844497429,0,12.762790973829864,True
CPT-HNH-22,2011,95.47440755366388,1,8.392516371341523,True
CPT-HNH-25,2011,78.54429303896481,1,7.751894385837846,True
CPT-HNH-26,2011,78.48238183229869,0,9.718120386578487,True
CPT-HNH-30,2011,74.13125482983884,1,10.62517886162368,True
CPT-HNH-32,2011,73.53552305308249,1,12.923121328517162,True
CPT-HNH-33,2011,79.86381668127977,0,3.7137395675678304,True
CPT-HNH-38,2011,75.27662792184734,0,7.296013139215964,True
CPT-KAN-03,2010,63.09541429999896,1,20.666160178538306,True
CPT-KAN-05,2010,82.93793704041705,1,5.757216836731231,True
CPT-KAN-06,2010,70.09860801787663,1,6.495697761892532,True
CPT-KAN-07,2010,73.10829638183057,1,6.445817027422622,True
CPT-KAN-08,2010,72.35109866460947,1,9.490596095820925,True
CPT-KAN-09,2010,63.12683724071261,0,7.813074064141431,True
CPT-KAN-10,2010,94.6355022900578,0,5.011389678017524,True
CPT-KAN-12,2010,86.51795377092886,0,6.764248700146946,True
CPT-KAN-13,2010,59.78899580557611,0,15.293228287473305,True
CPT-KAN-14,2010,79.36909971800364,0,8.900524125449696,True
CPT-KAN-15,2010,79.92321623445767,0,10.98996844594753,True
CPT-KAN-17,2010,79.55383505039359,0,8.699118277287372,True
CPT-KAN-18,2010,76.06828730087932,0,10.398454696792404,True
CPT-KAN-20,2010,87.3619175816906,1,8.263959658596049,True
CPT-KAN-23,2010,150.15680699155394,1,5.473950983825107,True
CPT-KAN-26,2010,83.7290519902248,0,6.089097991001907,True
CPT-KAN-28,2010,78.19412780657218,0,6.359809838701043,True
CPT-KAN-30,2010,67.2912649648333,1,7.178105398154297,True
CPT-KAN-31,2010,75.1998354923346,1,6.539695668901125,True
CPT-KAN-32,2010,88.7160580839397,1,5.671554456026377,True
CPT-KAN-35,2010,65.86232260116032,1,8.216410120531588,True
CPT-KAN-38,2010,72.47264795990037,1,8.329350831675642,True
CPT-KAN-39,2010,78.754400365079,1,9.91469203270163,True
CPT-KAN-40,2010,71.85140581677246,1,9.012805529688238,True
CPT-KAN-41,2010,73.19565588305056,1,10.481830296266558,True
CPT-KAN-42,2010,71.3364176714261,0,8.856916861554666,True
CPT-KAN-43,2010,82.72006915208934,0,5.840585726979009,True
CPT-KAS-02,2010,48.52060638280612,1,15.617989980759656,False
CPT-KAS-08,2010,71.55580959430682,0,7.807102080791983,True
CPT-KAS-13,2010,82.14946595714653,1,4.723953273065852,True
CPT-KAS-14,2010,88.10221242122857,1,3.4584069098228456,True
CPT-KAS-16,2010,63.708611012694114,0,6.777446655453243,True
CPT-KAS-18,2010,74.08596139361605,0,9.202000220757048,True
CPT-KAS-19,2010,62.51940350027071,0,7.95979720616497,True
CPT-KAS-22,2010,73.11251657022564,1,7.770872287192213,True
CPT-KAS-23,2010,68.73568731344588,0,8.325289565411818,True
CPT-KAS-25,2010,228.8547341649407,0,0.1781042399284668,True
CPT-KAS-29,2010,65.38319407376996,0,9.247131949797607,False
CPT-KAS-31,2010,89.92364269430442,1,3.064337639415026,True
CPT-KAS-34,2010,75.30410312784308,1,10.728219302591434,True
CPT-KAS-35,2010,90.0497271396164,0,0.2102516247620711,True
CPT-KAS-36,2010,87.29614298013712,0,0.8033685120943177,True
CPT-KAS-37,2010,189.0356196310392,0,0.6035522647164012,True
CPT-KAS-38,2010,68.1453430957132,0,2.3510181814004283,True
CPT-KAS-41,2010,64.85781315872447,0,10.674122546233178,True
CPT-KAS-43,2010,83.37561760442594,1,5.405502119449672,True
CPT-KAS-46,2010,79.62283368557087,0,4.426227809454082,True
CPT-KAS-47,2010,54.39496324035885,1,14.820291021003197,True
CPT-KAS-48,2010,54.07177742568852,1,13.737893779565866,False
CPT-KAS-50,2010,61.8857234673309,1,10.236573248003944,True
CPT-KAS-51,2010,65.91349438096324,1,10.069416638699185,True
CPT-KAS-52,2010,67.55843236171984,1,8.933710473722837,True
CPT-KAS-53,2010,66.06941158321202,0,2.6437399815633094,True
CPT-KAS-54,2010,104.44451023932888,0,3.220269120219799,True
CPT-KAS-55,2010,71.07340027555534,0,2.366873054030664,True
CPT-KGA-01,2010,90.3429062266332,0,4.081607235504279,True
CPT-KGA-02,2010,209.5944462805108,0,0.0801887479868779,True
CPT-KRB-02,2010,90.53045343785304,1,11.52813503409974,True
CPT-KRB-03,2010,89.0349345044038,1,9.425107599046331,True
CPT-LWD-02,2011,125.87825694557036,1,4.687102554303992,True
CPT-LWD-03,2011,89.68405940314113,1,2.765374076949782,True
CPT-LWD-04,2011,77.70452293569528,1,19.85588964838509,True
CPT-LWD-10,2011,151.37867967470453,1,5.014639203808242,True
CPT-LWD-11,2011,154.02850240023352,1,8.59591369534357,True
CPT-LWD-12,2011,125.25605389251788,1,18.45451330852401,True
CPT-LWD-13,2011,135.13626990362974,1,11.7628677226456,True
CPT-LWD-15,2011,128.40990290766493,1,5.240828003799271,True
CPT-LWD-17,2011,110.33026246477452,0,7.076009246616789,True
CPT-LWD-24,2011,109.31747249493591,1,13.810377423482407,True
CPT-LWD-26,2011,95.12247758969546,1,13.836166980689134,True
CPT-LWD-32,2011,93.82899539651336,1,21.181703869254893,True
CPT-LWD-38,2011,113.78933588953852,1,23.335962735573872,True
CPT-LWD-39,2011,166.79796356859686,1,3.9292142794886975,True
CPT-MRV-01,2010,95.87149520567642,1,9.531266825875134,True
CPT-MRV-18,2011,84.80236609630245,1,7.1567734557355465,True
CPT-MRV-20,2011,90.14616311042522,1,6.777610064151697,True
CPT-NBT-06,2010,88.1477514248339,0,17.349731660182723,True
CPT-NBT-07,2010,86.56659265285143,1,8.246744575622857,False
CPT-NBT-15,2011,108.19307427090332,1,15.169645834686056,True
CPT-NBT-19,2011,109.78531409392204,1,15.739792541072568,True
CPT-NBT-21,2011,111.9926150705001,1,16.92184770312609,True
CPT-NBT-26,2011,95.23509908505947,1,14.920964945416852,True
CPT-NBT-28,2011,128.02773063462178,1,19.69344624205271,True
CPT-NBT-33,2011,87.89970283479161,1,21.264685863574947,True
CPT-NBT-34,2011,157.89870618409984,1,4.92444550436654,True
CPT-NBT-36,2011,110.20953208853584,1,24.148088749756504,True
CPT-NBT-37,2011,114.714103823321,1,24.56317569971908,True
CPT-NBT-40,2011,101.75001989864042,1,26.56846919584707,True
CPT-NBT-41,2011,95.69338141588678,1,24.89700340256024,True
CPT-NBT-42,2011,89.50861040608831,1,27.449510810098,True
CPT-NBT-43,2011,109.70701221183684,0,16.59833874296895,True
CPT-NBT-44,2011,135.66497167042277,0,8.16063474899635,True
CPT-NBT-45,2011,134.20746146646317,1,14.381980581268389,True
CPT-NBT-46,2011,130.4720059062769,1,15.105281112973223,True
CPT-NBT-47,2011,120.96807122233548,1,18.916740821211448,True
CPT-NBT-48,2011,134.9968805759779,0,10.604764492968668,True
CPT-NBT-49,2011,121.53979305081972,0,15.483589426921805,True
CPT-NNB-02,2011,103.36859403647416,1,19.94277852808661,True
CPT-NNB-07,2011,122.56324431348254,1,10.425603672853438,True
CPT-NNB-09,2011,119.94822486470603,1,10.606483732047163,True
CPT-OPA-02,2011,86.54913268901873,1,9.55960181561518,True
CPT-OPA-04,2011,102.63168499256982,1,14.944565497096772,True
CPT-OPA-06,2011,87.64024687495197,1,18.88133684181946,True
CPT-OPA-08,2011,77.11622846310661,1,13.954390751465056,True
CPT-OPA-10,2011,118.6270645243968,1,20.22559861104092,True
CPT-OPA-11,2011,113.66889633357334,1,12.266894149841502,True
CPT-OPA-14,2011,108.2920163061647,1,9.361406048499344,True
CPT-OPA-15,2011,92.57483435162302,1,8.786577850026552,True
CPT-OPA-16,2011,117.0341548050559,1,14.761965752633625,True
CPT-OPA-18,2011,133.16756768576963,1,2.791427656355851,True
CPT-OPA-20,2011,77.51894556815935,1,15.0954985281255,True
CPT-OPA-24,2011,113.80924416231588,1,7.751812966204597,True
CPT-PAI-14,2011,82.90049016699633,1,14.91011990235507,True
CPT-PAI-15,2011,96.82037312361604,1,3.1524400119225566,True
CPT-PAI-17,2011,90.90645748935816,1,12.225290465965791,True
CPT-PAI-18,2011,75.54437669096497,1,3.989313626157398,True
CPT-PAI-19,2011,75.67572155334973,0,4.089913634070059,True
CPT-PIN-04,2010,87.99187277144125,1,9.2184611758917,True
CPT-PIN-05,2010,95.63559379573282,1,8.391846695498975,True
CPT-PIN-07,2010,100.20246432028304,1,7.467630997508515,True
CPT-PIN-08,2010,101.86184611195613,1,11.165343925651314,True
CPT-PIN-11,2010,96.64189264351752,0,5.064645100710767,True
CPT-PRK-04,2010,100.91304432191804,1,13.486556661229567,True
CPT-PRK-05,2010,95.70970714314063,1,13.476577090338957,True
CPT-PRK-06,2010,86.70209241042345,1,17.734363614904147,True
CPT-PRK-07,2010,91.23291960661032,1,15.783099139431902,True
CPT-PRK-08,2010,109.06341990730192,1,11.092218187154913,True
CPT-PRK-09,2010,97.30201154107492,1,12.56323116678336,True
CPT-RCH-02,2010,68.5148090225638,1,14.75910476538658,True
CPT-RCH-03,2010,131.15264304234103,1,5.383953307322531,True
CPT-RCH-05,2010,142.67360421486697,1,3.883170070762338,True
CPT-RCH-08,2010,93.8577843572662,1,20.51686130505309,True
CPT-RCH-10,2010,153.588590326502,1,2.399343524612948,True
CPT-RCH-11,2010,78.2281966567409,1,9.694251634093373,True
CPT-RCH-12,2010,78.83113800425097,1,12.033566577419132,True
CPT-RCH-13,2010,85.97696521120115,1,14.301928735891488,True
CPT-RCH-16,2010,69.30717606106919,1,6.007808407767646,True
CPT-RCH-17,2010,113.28460811155595,1,11.607483539102413,True
CPT-RCH-22,2010,88.36360551723487,1,8.143641925632279,True
CPT-RCH-25,2010,91.11287750019822,1,15.795663158591545,True
CPT-RCH-26,2010,103.03446230004884,1,8.945053761769845,True
CPT-RCH-29,2010,85.08743268551768,0,18.44020823642761,True
CPT-RCH-30,2010,83.171435570384,0,12.998623176031249,True
CPT-RCH-31,2010,113.22094883417616,1,16.68024726782814,True
CPT-RCH-43,2011,145.3707264279851,1,8.121445758431829,True
CPT-RCH-44,2011,89.93937099309116,1,17.54483335786581,True
CPT-RCH-46,2011,117.92022926280433,1,4.865271674488352,True
CPT-RCH-50,2011,90.88119756697056,1,14.675656408314978,True
CPT-RCH-52,2011,105.59211436035304,1,10.564736244099524,True
CPT-RCH-54,2011,120.79687592169611,1,7.259925681945096,True
CPT-RCH-58,2011,96.2250025726534,1,11.701116458009402,True
CPT-RCH-59,2011,96.87282590453115,1,11.4341255264255,True
CPT-RCH-60,2011,96.26102084149696,1,6.80403309006207,True
CPT-RCH-63,2011,94.9645759035124,1,11.35290817176618,True
CPT-RCH-66,2011,88.75138035053273,1,15.06878866464079,True
CPT-RCH-67,2011,214.6065620918232,1,0.0595336376114191,True
CPT-RCH-68,2011,142.83281827770193,1,4.169980116978133,True
CPT-RCH-70,2011,130.4077462283496,1,5.208826350891669,True
CPT-RWD-01,2010,76.46909991210701,0,14.165463881905124,True
CPT-RWD-02,2010,85.75665074578174,0,6.4409553005238624,True
CPT-RWD-03,2010,83.10774183869323,0,8.677698130780644,True
CPT-RWD-04,2010,66.68657396637373,0,13.624081172080407,True
CPT-RWD-05,2010,73.40440391960502,1,12.276952111207668,True
CPT-RWD-09,2010,88.17586998335247,0,1.731083073945756,True
CPT-RWD-10,2010,94.59905982527228,0,2.994065265149434,True
CPT-RWD-13,2010,85.83830370957443,0,6.21314814066456,True
CPT-SHY-06,2011,142.90317833515073,1,4.829029667336032,True
CPT-SHY-10,2011,81.12978712263,1,8.065664000994083,True
CPT-SHY-11,2011,152.50862150341956,1,3.6075500357498136,True
CPT-SHY-13,2011,70.69954944191889,1,6.990021988717986,True
CPT-SHY-14,2011,145.93127012381692,1,3.937095230822733,True
CPT-SHY-15,2011,127.32715183409012,1,7.466339139509776,True
CPT-SHY-17,2011,92.36765582090352,1,16.15286943837649,True
CPT-SHY-21,2011,61.77692010920147,1,19.41036687983167,True
CPT-SHY-22,2011,63.56353563883763,1,13.215261614929458,True
CPT-SHY-25,2011,121.6613836556434,1,7.650975513073394,True
CPT-SHY-27,2011,145.53126759931985,1,3.354864012501696,True
CPT-SMF-01,2011,119.8046455927573,1,6.52043125023252,True
CPT-SMF-02,2011,61.9442750467764,1,16.215456909294033,True
CPT-SMF-05,2011,81.3409609279313,1,11.465500892273646,True
CPT-SMF-11,2011,67.1080361618409,1,15.346370369557953,True
CPT-SMF-14,2011,62.66933924191115,1,21.66427460544836,False
CPT-SMF-17,2011,87.12994231400545,1,11.045790416684897,True
CPT-SMF-20,2011,202.3432865184469,1,2.72445596712173,True
CPT-SMF-22,2011,80.9385218890297,1,9.052283991997603,True
CPT-SMF-23,2011,84.351461677466,0,8.643590504358883,True
CPT-SMF-25,2011,71.25589481376642,1,20.94000263756604,True
CPT-SMF-26,2011,64.69715892939269,0,18.10099327309836,True
CPT-SMF-27,2011,68.13141096562616,0,19.085716491080987,True
CPT-SMF-28,2011,72.3682807875883,1,13.56831677797971,True
CPT-SMF-29,2011,58.157462646792766,1,17.83889301693793,True
CPT-SMF-30,2011,88.45162830990733,0,8.802054559907502,True
CPT-SNB-01,2011,154.62115285341258,0,6.486992793415248,True
CPT-SNB-01F,2010,104.55849267764064,1,23.27053293109028,True
CPT-SNB-02,2011,131.46744744040018,0,12.2390321417991,True
CPT-SNB-04,2011,136.52130089845045,1,12.670449973049545,True
CPT-SNB-06,2011,114.7686073846067,1,20.601693194364564,True
CPT-SNB-07,2011,103.10425304994892,1,16.510475532058788,True
CPT-SNB-08,2011,115.52748265662196,1,21.390587878388047,True
CPT-SPE-08,2010,101.22464722868511,1,14.77783907294436,True
CPT-SPE-14,2010,111.49106392544604,1,11.283245933969784,True
CPT-SPE-15,2010,108.5933807277307,1,8.636226736840733,True
CPT-SPN-06,2011,68.30113457311413,1,15.85292724818652,True
CPT-SPN-08,2011,65.13294761856584,1,20.47683614893603,True
CPT-SPN-11,2011,62.39716648712682,1,17.747389896129317,True
CPT-SPN-15,2011,67.15312305735792,1,21.275330750500245,True
CPT-SPN-16,2011,68.09442648580279,0,8.836528677363185,True
CPT-SPN-17,2011,78.48806752493383,0,17.270812328627695,True
CPT-SPN-21,2011,65.45448650970263,1,12.32311048724013,True
CPT-SPN-25,2011,79.72019603400202,1,8.976981442226155,True
CPT-SPN-31,2011,69.0371142954491,0,17.72146691442199,True
CPT-SPN-32,2011,74.86261999355729,1,10.64112884799336,True
CPT-SSH-03,2010,113.56763701773345,1,18.85247296986355,True
CPT-SSH-04,2010,99.01175671679388,1,25.014190730588965,True
CPT-SSH-05,2010,103.03474492932456,1,20.100286894363457,True
CPT-SSH-06,2010,127.33848110120316,1,21.805606318618896,True
CPT-SSH-07,2010,104.5990336106847,1,26.47456579774449,True
CPT-SSH-08,2010,100.52793541163436,1,18.27471401389696,True
CPT-STA-01,2010,89.88474032726367,1,14.797799770581282,True
CPT-STA-02,2010,87.19007438630746,0,14.553190956430832,True
CPT-STA-06,2010,144.57513985023436,1,4.24800931925585,True
CPT-STA-08,2010,63.39800682842553,1,8.046276530631506,True
CPT-STA-10,2010,89.9063153937906,1,7.124287591198234,True
CPT-STA-13,2010,84.84370681437665,1,8.878528831482207,True
CPT-STA-14,2011,75.20834777945582,1,14.117781472521015,True
CPT-STA-15,2011,77.74591645947766,1,11.318916358927892,True
CPT-STA-17,2011,68.42828972336407,1,4.991428567719545,True
CPT-STA-18,2011,86.46896134234666,1,14.356786571584289,True
CPT-STA-20,2011,82.65876427232669,1,12.06266766729194,True
CPT-STA-24,2011,87.08323129300948,1,14.266055706978303,True
CPT-STA-32,2011,99.33385654473012,1,3.575939570600778,True
CPT-STA-37,2011,86.15232147925879,1,12.201945521598464,True
CPT-STA-42,2011,76.40856602262946,1,4.5721516278696885,True
CPT-STA-45,2011,86.18106204141696,1,15.953310503571224,True
CPT-STA-48,2011,87.53956424154792,1,11.462650583947305,True
CPT-STA-57,2011,80.4145703883308,1,10.98544176015601,True
CPT-STA-61,2011,81.96498360364772,1,18.83903780476876,True
CPT-STA-63,2011,86.72117202669352,1,5.80907254391035,True
CPT-STA-67,2011,71.57938897573158,1,14.35817574791098,True
CPT-STA-68,2011,91.35359043870702,1,15.446312634240131,True
CPT-STA-69,2011,82.23230527073895,1,19.302955284119,True
CPT-STA-72,2011,79.93207998476036,1,16.812766945232724,True
CPT-STA-74,2011,85.34193247762522,1,21.774440161755614,True
CPT-STA-77,2011,75.79160208832748,0,13.579045981861318,True
CPT-STM-03,2011,103.80659735372188,1,0.7242532112619318,True
CPT-STM-04,2011,80.75344562487928,1,9.02405832303057,True
CPT-STM-06,2011,82.9447254063627,1,9.964145332642245,True
CPT-STM-08,2011,97.89130662256429,1,6.185838596708132,True
CPT-STM-10,2011,108.93774163513392,1,10.824296689245475,True
CPT-STM-18,2011,93.39777137996548,1,15.345362043416454,True
CPT-STM-19,2011,98.29057367745716,1,10.374932523229893,True
CPT-STM-21,2011,134.44414440170445,1,8.569956983615663,True
CPT-STM-23,2011,93.62257389750378,1,7.803563963223477,True
CPT-STM-26,2011,75.95001973836773,1,14.47454267226106,True
CPT-STM-27,2011,85.25554593719102,0,14.42194087791499,True
CPT-SYD-03,2011,81.36217335391066,1,12.955618814848938,True
CPT-SYD-09,2011,73.20803330361366,1,21.0095027793713,True
CPT-SYD-10,2011,78.9322493641079,0,18.5616970840352,True
CPT-SYD-13,2011,82.29889944284245,0,10.361584589912113,True
CPT-SYD-14,2011,90.89116792006844,1,16.54012061223633,True
CPT-VRN-03,2011,72.4250705197182,0,7.789239990008196,True
CPT-VRN-04,2011,79.35316644636353,0,3.195361510235524,False
CPT-VRN-06,2011,85.25914057926002,0,12.01065164456906,True
CPT-VRN-07,2011,86.50661005650326,0,5.768458691057566,True
CPT-VRN-09,2011,73.74618479617688,0,6.554684173644713,True
CPT-VRN-10,2011,72.49732675737324,0,5.326992305324806,True
CPT-VRN-17,2011,77.6657939143635,0,2.6975855847265406,True
CPT-WAI-05,2010,124.46756498186475,1,9.081059006689198,True
CPT-WAI-06,2010,140.26603441965847,1,7.457014770357789,True
CPT-WAI-10,2010,123.68786895431384,1,18.304644237556737,True
CPT-WAI-12,2010,82.31194788143344,0,22.76940832659712,True
CPT-WAI-14,2010,84.15178850203526,0,21.49949644318145,True
CPT-WAI-15,2010,101.26019595610713,0,19.014781579188888,True
CPT-WAI-16,2010,93.4115734021134,0,18.921670436077825,True
CPT-WAI-17,2010,97.3170809764936,0,14.37386461247925,True
CPT-WAI-18,2010,82.43422977997683,1,14.275150962327888,True
CPT-WAI-20,2010,98.12006161512096,0,20.44940829614402,True
CPT-WAI-24,2010,76.53089741439179,0,21.800997472276475,True
CPT-WAI-27,2010,71.17147356141344,0,22.44943772113639,True
CPT-WAI-28,2010,88.59847558436368,1,22.929026990567465,True
CPT-WAI-32,2011,112.10632567206784,1,13.937531942380764,True
CPT-WAI-36,2011,93.4440582580071,0,22.35722378490401,True
CPT-WAI-37,2011,103.27597310778388,1,21.38589931737552,True
CPT-WAI-38,2011,98.65784823009758,0,24.30169636482787,True
CPT-WAI-40,2011,108.7847665209125,1,13.660329784891434,True
CPT-WAI-41,2011,107.96499907334989,1,17.486908093400345,True
CPT-WAI-42,2011,115.6480099155505,1,16.212429508977557,True
CPT-WAI-44,2011,111.2488782001207,1,17.022291070723874,True
CPT-WAI-45,2011,132.20983472052737,1,14.05988652206381,True
CPT-WAI-47,2011,131.167549623386,1,9.736825845578874,True
CPT-WAI-59,2011,100.71018709216722,1,14.522146686395722,True
CPT-WAI-62,2011,94.10769535551604,1,13.67900805930478,True
CPT-WAI-63,2011,92.5351594355126,1,16.897528780283764,True
CPT-WAI-66,2011,114.52316598202664,1,13.626689060111891,True
CPT-WAI-67,2011,91.2438542080371,1,17.911846412636997,True
CPT-WAI-69,2011,99.12460338507896,1,19.68431005265676,True
CPT-WAI-70,2011,124.89465613949083,1,9.30218769761695,True
CPT-WAI-71,2011,102.8643222554962,1,17.5669099774255,True
CPT-WAI-72,2011,129.04800125309788,1,15.748634491851435,True
CPT-WAI-73,2011,109.65536956255364,1,11.061413496610964,True
CPT-WAI-74,2011,111.17190691712574,1,17.283224373200685,True
CPT-WAI-75,2011,92.33709694629331,1,15.538880326975766,True
CPT-WAI-76,2011,108.84890753835388,1,13.631582408617303,True
CPT-WAI-78,2011,95.92008692140956,1,16.716992317443633,True
CPT-WAI-81,2011,100.7024818180433,1,17.154029199915502,True
CPT-WAI-82,2011,87.5859323680388,0,14.818066276736236,True
CPT-WAI-84,2011,114.39951938402372,0,19.811549243345887,True
CPT-WAI-86,2011,90.42782699870068,1,17.39308956235619,True
CPT-WKK-02,2010,99.61086224945736,1,4.635451794850723,True
CPT-WQP-01,2011,86.3068750435616,1,16.017395424400732,True
CPT-WQP-02,2011,92.9282167686696,1,14.303242118694728,True
CPT-WQP-03,2011,105.45765748893326,1,13.906147912393912,True
CPT-WQP-04,2011,95.57502038810892,1,15.466887311377086,True
CPT-WQP-05,2011,79.20337448269345,1,23.088681673898527,True
CPT-WQP-06,2011,102.2305421546761,1,15.451931710674192,True
CPT-WQP-07,2011,100.43358436475552,1,17.198718957050083,True
CPT-WQP-09,2011,108.78304005111652,1,14.995916246364173,True
CPT-WQP-11,2011,113.76135578696422,1,10.96350043652814,True
CPT-WQP-12,2011,108.25903107130831,1,15.721826663491552,True
CPT-WQP-13,2011,93.77629712919868,1,18.4665043967476,True
CPT-WQP-14,2011,113.87154096055804,1,12.86356337109633,True
CPT-WQP-16,2011,90.085625529624,1,12.083296292254284,True
CPT-WQP-18,2011,95.566653054979,1,19.04756809593698,True
CPT-WQP-20,2011,91.16442733777448,1,17.8483903990694,True
CPT-WQP-22,2011,87.7832205730898,1,16.212252625987233,True
CPT-WQP-23,2011,100.22645370046982,1,19.933513416155723,True
CPT-WSW-01,2011,86.7715858507511,1,15.074925052747831,True
CPT-WSW-03,2011,88.49493434660569,1,19.69454142218461,True
CPT-WSW-04,2011,96.46764972533978,1,25.0145005333902,True
CPT-WSW-05,2011,87.32775538287285,1,19.397481752238832,True
CPT-WSW-06,2011,91.45904980836046,1,18.5660943055187,True
CPT-WSW-09,2011,93.84349672746282,1,18.76563164034298,True
CPT-WSW-10,2011,88.11788646504155,1,20.14906304430721,True
CPT-WSW-11,2011,86.98384184828528,1,26.17127895613488,True
CPT-WSW-12,2011,92.00597636536436,0,14.573231439252496,True
CPT-WSW-20,2011,86.99544290547037,1,15.321684887072362,True
CPT-WSW-22,2011,89.44259716457692,1,16.147941487444722,True
CPT-WSW-25,2011,116.80576474825298,0,10.078498954104171,True
CPT-WSW-33,2011,81.90538870018088,1,12.5775243109739,True
CPT-WSW-34,2011,90.24406436808977,1,16.06398935387944,True
CPT-WSW-37,2011,89.9970945653302,1,22.46892828733516,True
CPT-WSW-38,2011,106.35300599169476,1,24.391474851124407,True
CPT-WSW-39,2011,102.01595525368732,1,23.39315024952592,True
CPT-WSW-40,2011,103.02982024120324,0,18.36542973711246,True
CPT-WSW-41,2011,110.06286537621052,1,17.833727389230333,True
CPT-WSW-44,2011,91.9404044202184,0,21.32292130447916,True
CPT-WSW-46,2011,82.89087254112486,1,26.1467871970733,True
CPT-WSW-48,2011,100.58921299766564,1,17.561162009533977,True
CPT-WSW-49,2011,109.90867925371352,1,21.425244329408155,True
CPT-WSW-50,2011,113.412480151772,1,22.17746688907869,True
CPT-WSW-56,2011,127.25200411524328,0,15.379042248900584,True
CPT-WTH-01,2010,100.505248066282,1,10.74179905950806,True
CPT-WTM-02,2011,79.15641846365222,1,18.05593444484657,True
CPT-WTM-07,2011,77.96393987391319,1,17.62565011102452,True
CPT-WTM-08,2011,62.58398397226271,1,9.285068280488758,True
CPT-WTM-11,2011,58.731574294038346,1,17.56926099752972,True
CPT-WTM-19,2011,89.66804933328028,1,12.132643343092356,True
CPT-WTM-21,2011,91.08912380724038,1,11.132515753748145,True
CPT01,2015,96.68863938548064,1,15.90675537056526,True
CPT02,2015,103.46923188994968,1,10.028095397723703,True
CPT03,2015,104.67748931351171,1,9.88567675176245,True
CPT05,2016,119.63588311492003,0,5.137593050376304,True
FND-POD01-CPT10,2013,84.83009524766183,1,5.3052519569962895,True
FND-POD06-CPT11,2013,84.17092647015242,1,10.730412160593527,True
FND-POD06-CPTB002,2012,81.64770176564804,1,6.850332796161627,True
FND-POD07-CPT12,2012,85.16377869722955,1,5.401117960257322,True
FND-POD15-CPT02,2012,93.9730172057471,1,8.781345988843572,True
HAL-POD01-CPT009,2012,64.19746482405228,0,13.065440835416236,True
HAR-TC201-CPT002,2013,80.6227668925801,1,4.247146004543961,True
HNH-POD03-CPT013,2013,85.8957546584995,1,6.56125593284216,True
HNH-POD04-CPT001,2012,79.75926152819652,1,9.32831947375241,True
HNH-POD04-CPT003,2012,87.16599591305024,1,5.5508729206874445,True
HNH-POD05-CPT008,2013,91.16016384386288,1,3.7769761812667775,True
ILA-POD01-CPT020,2013,92.88587453630386,1,7.511769688920328,True
KAI-POD01-CPT006,2012,168.35055002983867,1,4.222464839348011,True
KAI-POD01-CPT009,2012,171.24768740828557,1,1.9192983706286664,True
KAI-POD02-CPT002,2012,94.10001874423702,0,6.45866600485804,True
KAI-POD02-CPT013,2012,101.0134810088714,0,4.885683392774722,True
KAI-POD03-CPT009,2012,99.17752183567728,0,7.079499075797699,True
KAI-POD03-CPTB002,2012,76.79581411207572,0,9.929439241372815,True
KAI-POD04-CPT001,2012,121.01025987392552,0,1.1695105624712974,True
LWD-POD02-CPT006,2012,90.12050821979682,1,19.44104034683542,True
LWD-POD03-CPTB001,2012,135.64906066058882,1,7.326768771974466,True
MER-POD06-CPT006,2012,82.96474620926514,1,8.342806076726955,False
MER-POD06-CPTB002,2012,77.16599436137486,1,5.471672325194149,True
MER-POD07-CPT007,2013,76.36844009541751,1,9.983948074196174,True
MER-POD07-CPT012,2013,82.81036960532715,1,6.932339242403638,True
MER-POD07-CPT013,2013,86.11467206619145,0,7.620416803392995,True
MER-POD10-CPT010,2013,83.71084339580955,1,3.049042865318185,True
NBR-POD02-CPT06,2012,139.48460681811906,1,8.065469472620968,True
NNB-POD02-CPT83,2012,113.6316800270847,1,4.773117574523619,True
NNB-POD03-CPT28,2012,132.24109501436917,1,7.906062861074536,True
NNB-POD03-CPT53,2012,152.87534839627563,1,6.705346172066336,True
NNB-POD04-CPT02,2012,127.42206680161746,1,9.923248545435792,True
NNB-POD04-CPT07,2012,114.07145208321566,1,12.820332438732214,True
NNB-POD05-CPT04,2012,123.9119529908563,1,10.80845103770105,True
NNB-POD05-CPT13,2012,104.8759600876719,1,19.6406876222905,True
NNB-POD05-CPT18,2012,109.8191481498848,1,18.81597587649576,True
NNB-POD06-CPT49,2012,134.70970073975718,1,11.903513911855455,True
NNB-POD07-CPT37,2012,123.17854348692563,1,18.618031390185724,True
NNB-POD07-CPT63,2012,120.73073324321152,1,22.85590580423868,True
NNB-POD08-CPT14,2012,121.7590227974412,1,14.362837636956842,True
NNB-POD08-CPT26,2012,127.58076729013194,1,12.984531542157322,True
NNB-POD08-CPT638,2012,128.3327372650705,1,13.189805986498012,True
NNB-POD08-CPT65,2012,117.3088720733207,1,19.251117865149048,True
NNB-POD08-CPT666,2012,129.29266258219226,1,13.9487785542777,True
NNB-POD08-CPT712,2012,115.79307641491285,1,13.706977863232956,True
NNB-POD09-CPT119,2012,112.82935604976848,1,16.202258684716107,True
NNB-POD09-CPT24,2012,129.7571119202381,1,16.70112049499828,True
NNB-POD09-CPT62,2012,111.89660826130756,1,17.912915569706193,True
NNB-POD09-CPT657,2012,131.01493294039986,1,8.6201722587267,True
NNB-POD09-CPT669,2013,121.15771755001408,1,15.793956769127307,True
NNB-POD09-CPT691,2012,128.52078850736302,1,13.191861507225743,True
NNB-POD09-CPT696,2012,145.80344381563307,1,3.550074871103232,True
NNB-POD09-CPT70,2012,116.99250601964974,1,17.453274428104564,True
NNB-POD09-CPT817,2012,94.98916545035064,1,14.137756202422327,True
NNB-POD11-CPT16,2012,101.8073326320514,1,7.077722647048471,True
NNB-POD12-CPT101,2012,134.94990201389717,1,3.985395229453939,True
NNB-POD12-CPT109,2012,134.45619878593388,1,8.146475422983636,True
PAP-POD01-CPT002,2012,88.51557499167106,1,13.519411681537616,True
PAP-POD06-CPT014,2013,72.89176302858343,1,5.961257132581152,True
PAP-POD06-CPTB01,2012,84.44603486174923,0,5.013313085472963,True
PAP-POD06-CPTB02,2012,76.47505285215439,1,4.507604185516241,True
PAP-TC201-CPT024,2013,79.03484676857293,0,8.469948256131879,True
PRK-POD01-CPT30,2012,136.9859030580919,1,3.333229797326734,True
PRK-POD02-CPT25,2012,95.66184582438662,1,11.14342932190246,True
PRK-POD03-CPT20,2012,95.55951331309092,1,16.238975680537877,True
RCH-POD01-CPT13,2012,101.72463625306212,1,7.846581940812717,True
RCH-POD03-CPT31,2012,84.88765483408113,1,13.644137077735168,True
RCH-POD03-CPT93,2012,103.38556676342525,1,10.255298781818452,True
RCH-POD05-CPT63,2012,83.27676500080587,1,19.210552298934253,True
RCH-POD06-CPT23,2012,82.09447084954085,1,22.289960861062312,True
RCH-POD06-CPT67,2012,78.70543888472574,1,8.946263552159827,True
SHY-POD01-CPT44,2012,177.6625110935914,1,0.6152758441282395,True
SHY-POD03-CPT204,2013,96.44631955094934,1,8.145602159363841,True
SHY-TC201-CPT014,2013,155.65929882173302,1,1.258004595373548,True
SPE-POD01-CPT036,2012,112.63637403385408,1,7.411921160614991,True
SPN-POD04-CPT006,2012,81.22304068597325,1,13.7800816898645,True
STA-POD02-CPT01,2012,53.14924555174562,1,7.355301225411091,True
STA-POD02-CPT03,2012,86.51794589246981,1,10.782993162263224,True
STA-POD02-CPTB002,2012,67.4712894356658,1,6.853123351125914,True
STA-POD03-CPT03,2012,86.68058875941719,1,15.350359239863932,True
STA-POD04-CPT01,2012,86.99723570329019,1,14.098094723816704,True
STA-POD04-CPT04,2013,84.40438272417329,1,13.881892934295092,True
STA-POD06-CPT03,2012,92.7801728028629,1,11.792680005756631,True
STA-POD06-CPT05,2012,90.5466500446632,1,15.863330658350952,True
STA-POD09-CPT07,2012,88.2281353995468,1,6.143413683919874,True
STA-POD09-CPT28,2012,92.65363288954354,1,7.32588085424633,True
STA-POD12-CPT02,2012,81.94011681330196,1,3.894348517058011,False
STA-POD17-CPT07,2012,77.30732593140883,1,5.761098977270907,True
STA-POD17-CPT21,2012,85.59701686872106,1,12.323413790636888,True
STM-POD01-CPT009,2012,95.9023078821929,1,8.458024881183503,True
STM-POD01-CPT017,2013,108.70260513307362,1,3.8338269474647166,True
STM-POD03-CPT023,2013,80.75476298361507,1,6.170286664190082,True
STM-POD04-CPT003,2012,103.70232170312902,1,17.26023546765554,True
STM-POD04-CPT007,2012,73.12666361798398,1,10.965668584392755,True
STM-POD04-CPTB019,2012,74.33188765392968,1,15.25349250710677,True
STM-POD04-CPTB020,2012,93.76108262118495,1,19.251455307941868,True
STR-POD05-CPT005,2012,88.29816657911523,1,10.79782761987741,True
SYD-POD01-CPT003,2012,86.48096097170549,1,14.608706369480243,True
SYD-POD01-CPT014,2013,70.28683160263844,1,14.215416468623385,True
WAI-POD01-CPT09,2012,140.57425058811162,1,8.853559281595944,True
WAI-POD03-CPT07,2012,113.5741304071273,1,12.900860944434896,True
WAI-POD04-CPT03,2012,97.27610784947036,1,15.928842900013835,True
WAI-POD09-CPT03,2012,92.9055988256884,1,12.4889628889307,True
WAI-POD14-CPT012,2012,103.02025036774349,1,8.44960971767798,True
WAI-POD15-CPT01,2012,101.92253328509692,1,12.668372999723616,True
WQP-POD15-CPT209,2012,120.68032998345868,1,8.370874430316235,True
WQP-POD15-CPT47,2012,137.57855348787174,1,8.078352475147463,True
WST-POD03-CPTB04,2012,114.83170035073528,1,22.034597789389384,True
WST-POD06-CPT002,2012,101.54298658676716,1,21.1747191297768,True
WST-POD06-CPT003,2012,113.95638983469036,1,16.2288117916765,True
WST-POD06-CPTB003,2012,121.25276363698848,1,18.413365124415137,True
WST-POD07-CPT004,2013,94.6574244984374,1,21.188804417370363,True
WST-POD07-CPT013,2012,85.66573741994515,1,21.49785794891613,True
WST-POD09-CPT011,2012,110.26177107163632,1,21.23250690765056,True
WST-POD09-CPTB003,2012,102.51828385788625,1,18.683299900456,True
WST-POD10-CPT007,2012,106.8801140268314,1,21.29560558387839,True
WST-POD10-CPT012,2012,99.9578188492056,1,22.917134247455987,True
WTM-POD02-CPTB001,2012,94.76891244324418,1,13.555433680226784,True
WTM-POD04-CPT010,2012,99.24784812706795,1,16.605880371690688,True
