oid,year,E,N,qc1Ncs,mS,mF,pgaS,pgaF
AVD-POD01-CPT001,2012,1574720.61,5183131.63,116.24602260067616,0,1,22.59,68.54
AVD-POD01-CPT015,2012,1575167.29,5183093.46,93.29540632929758,0,1,22.03,76.29
AVD-POD03-CPT001,2012,1574885.15,5182772.77,83.67880815093469,0,1,22.59,76.29
AVD-POD03-CPT007,2012,1574940.02,5182769.01,93.1757128689375,0,1,22.59,76.29
AVD-POD03-CPT014,2012,1575001.84,5182874.33,95.27907549416011,0,1,22.59,76.29
BIS-POD01-CPT005,2012,1566237.42,5185691.81,81.91636367023779,0,1,27.03,24.3
BIS-POD01-CPT006,2012,1566319.49,5185781.68,81.30221392698812,0,1,27.03,24.3
BIS-POD01-CPT014,2012,1571912.72,5180625.23,75.43957978689028,0,1,21.99,67.03
BIS-TC201-CPT011,2013,1566298.71,5185433.56,73.82963065472129,0,0,27.03,24.3
BIS-TC201-CPT035,2013,1566020.0,5185443.0,77.9768726298172,0,0,27.03,24.3
BUR-POD01-CPT17,2012,1574483.92,5185498.16,108.17781338707152,0,0,23.06,51.57
BUR-POD04-CPT06,2012,1575094.15,5183874.69,95.3731009380318,0,1,22.03,65.96
CAS-POD01-CPT001,2012,1568383.83,5185966.13,85.05228283913081,0,1,25.55,24.37
CCC-POD01-CPT007,2013,1570005.01,5180643.93,82.184229425542,0,0,21.29,50.88
CCC-POD02-CPT055,2013,1571128.0,5180913.0,108.47585622366397,0,0,22.52,63.18
CCC-POD03-CPT011,2012,1571921.27,5180652.42,123.33944641665268,0,1,21.99,67.03
CHM-POD01-CPT005,2012,1570560.55,5176588.0,409.27201557582157,0,1,22.4,82.87
CHM-POD01-CPT008,2013,1570525.19,5176522.56,81.57341211934573,0,1,22.4,82.87
CHM-POD01-CPTB003,2012,1570348.98,5176270.13,79.77368571810402,0,1,22.4,82.87
CPT-ARN-01,2010,1576467.29,5181262.38,131.5367278649672,0,0,21.67,100.6
CPT-ARN-02,2010,1576219.81,5182209.91,137.49778980388615,0,0,21.91,93.63
CPT-ARN-04,2010,1576734.22,5182326.47,105.22987327121606,0,0,21.67,82.41
CPT-ARN-19,2011,1576447.24,5181529.13,91.97327967322619,0,0,21.67,93.63
CPT-ARN-21,2011,1576142.24,5182128.74,135.4618911195305,0,0,21.91,93.63
CPT-ARN-22,2011,1576516.96,5181721.57,105.83184680165438,0,0,21.67,93.63
CPT-ARN-23,2011,1576564.82,5182063.9,107.09844347090902,0,1,21.67,93.63
CPT-ARN-24,2011,1576598.12,5181917.48,115.91605109706752,0,0,21.67,93.63
CPT-ARN-25,2011,1576610.34,5182256.74,91.31325598405901,0,0,21.67,82.41
CPT-ARN-26,2011,1576326.5,5182390.67,105.14097081902149,0,0,21.91,82.41
CPT-ARN-28,2011,1576349.9,5182694.74,102.46917190808007,0,0,22.03,82.41
CPT-ARN-30,2011,1576730.34,5182526.74,89.48378345276416,0,0,21.67,82.41
CPT-ARN-31,2011,1576554.91,5182798.43,106.23257102660605,0,0,21.67,82.41
CPT-ARN-33,2011,1576455.01,5182974.97,130.1575543763192,0,0,21.67,82.41
CPT-AVD-02,2010,1574602.57,5182888.22,91.43161356661635,0,0,22.59,68.54
CPT-AVD-09,2010,1574545.91,5183483.03,78.21000783219368,0,0,22.59,64.24
CPT-AVD-13,2010,1576073.73,5183420.72,89.18143056755353,0,0,22.03,69.93
CPT-AVD-14,2010,1574380.34,5182978.27,84.53703459474787,0,0,22.59,68.54
CPT-AVD-15,2010,1574389.57,5183052.47,86.54072731919062,0,0,22.59,68.54
CPT-AVD-16,2010,1574412.83,5183187.48,74.40986437958824,0,0,22.59,64.24
CPT-AVD-17,2010,1574462.37,5183343.75,75.01231121070516,0,0,22.59,64.24
CPT-AVD-18,2010,1574504.38,5183445.31,80.75147002624165,0,0,22.59,64.24
CPT-AVD-19,2010,1574621.42,5183528.92,83.03824253863489,0,0,22.59,64.24
CPT-AVD-30,2011,1575655.29,5183463.58,95.55956404751662,0,0,22.03,69.93
CPT-AVD-32,2011,1574748.99,5183367.87,85.82776852946479,0,0,22.59,65.96
CPT-AVD-36,2011,1575063.14,5183262.1,78.6690181157253,0,0,22.59,65.96
CPT-AVD-37,2011,1575280.89,5183250.93,92.53651991836436,0,0,22.03,65.96
CPT-AVD-38,2011,1575481.19,5183322.52,99.3155269447344,0,0,22.03,69.93
CPT-AVD-40,2011,1574739.53,5183186.78,89.23139953008663,0,0,22.59,65.96
CPT-AVD-41,2011,1574895.81,5183087.24,99.85414377111618,0,1,22.59,76.29
CPT-AVD-42,2011,1574963.31,5183183.73,90.9538110051497,0,1,22.59,65.96
CPT-AVD-43,2011,1574993.09,5183095.71,92.30632869190663,0,1,22.59,76.29
CPT-AVD-44,2011,1575042.66,5182992.81,89.49444890824887,0,1,22.59,76.29
CPT-AVD-47,2011,1575008.08,5182912.24,89.51327175861347,0,0,22.59,76.29
CPT-AVD-48,2011,1575133.48,5182981.62,89.08383015403386,0,0,22.03,76.29
CPT-AVD-49,2011,1575208.69,5183108.69,85.50902359739815,0,0,22.03,76.29
CPT-AVD-50,2011,1575308.06,5183183.05,88.82559929436148,0,0,22.03,65.96
CPT-AVD-51,2011,1575472.69,5183253.79,92.49878905643455,0,0,22.03,69.93
CPT-AVD-54,2011,1575735.91,5183249.46,92.38423751448106,0,0,22.03,69.93
CPT-AVD-56,2011,1575705.85,5183354.4,97.6080128878689,0,0,22.03,69.93
CPT-AVD-57,2011,1575628.16,5183243.49,104.15234326994687,0,0,22.03,69.93
CPT-AVD-62,2011,1575919.33,5183451.85,111.62800759866042,0,1,22.03,69.93
CPT-AVL-02,2010,1571538.59,5181020.72,57.29695371942431,0,0,22.52,67.03
CPT-AVL-04,2010,1571754.87,5180795.58,82.20550616943595,0,0,21.99,67.03
CPT-AVL-05,2010,1571427.92,5180830.54,101.28061565485693,0,0,22.52,67.03
CPT-AVS-01,2010,1574334.76,5182427.44,82.33037326729622,0,0,22.24,68.54
CPT-AVS-02,2010,1572609.36,5195793.58,52.29120096414257,1,0,26.59,22.02
CPT-AVS-07,2010,1572621.8,5181199.47,92.8785022870675,0,0,22.46,70.22
CPT-AVS-08,2010,1572870.39,5181207.81,72.64606739062594,0,0,22.46,79.92
CPT-AVS-10,2010,1573409.98,5181232.45,66.79918320594803,0,0,22.46,83.17
CPT-AVS-11,2010,1572693.83,5181313.38,75.66360589621489,0,0,22.46,64.67
CPT-AVS-12,2010,1573142.1,5181330.55,79.87538410040304,0,0,22.46,70.66
CPT-AVS-15,2010,1572911.71,5181581.84,137.85666326765892,0,0,22.46,70.66
CPT-AVS-16,2010,1573171.14,5181557.65,119.52750253484275,0,0,22.46,70.66
CPT-AVS-17,2010,1573403.45,5181583.98,113.93339482657217,0,0,22.46,73.3
CPT-AVS-18,2010,1572887.1,5181738.23,135.45498974251984,0,0,22.46,70.66
CPT-AVS-20,2010,1573325.46,5181769.39,87.79422809122279,0,0,22.46,70.66
CPT-AVS-21,2010,1573487.37,5181763.69,75.22114961773681,0,0,22.46,73.3
CPT-AVS-22,2010,1572979.89,5181864.6,124.8614858563663,0,0,22.46,70.66
CPT-AVS-23,2010,1573381.0,5181893.25,83.52933713663732,0,0,22.46,70.66
CPT-AVS-24,2010,1573209.09,5181989.69,86.79917731306666,0,0,22.46,70.66
CPT-AVS-25,2010,1573075.1,5181969.3,79.43182840668267,0,0,22.46,70.66
CPT-AVS-26,2010,1573141.77,5181988.6,92.47328892178633,0,0,22.46,70.66
CPT-AVS-28,2010,1573334.22,5181947.15,73.45391034189957,0,0,22.46,70.66
CPT-AVS-29,2010,1573425.32,5181857.69,93.82215223809318,0,0,22.46,73.3
CPT-AVS-30,2010,1573474.19,5181653.17,83.57765985927942,0,0,22.46,73.3
CPT-AVS-31,2010,1573420.84,5181606.58,120.63565753762644,0,0,22.46,73.3
CPT-AVS-35,2011,1572550.03,5181082.92,90.01887850462039,0,0,22.46,70.22
CPT-AVS-39,2011,1573098.46,5181194.42,107.12443410535806,0,0,22.46,79.92
CPT-AVS-41,2011,1573234.46,5181060.91,86.59607056387551,0,0,22.46,79.92
CPT-AVS-42,2011,1573269.05,5181192.74,125.03842800442251,0,0,22.46,79.92
CPT-AVS-43,2011,1573390.54,5180836.74,96.81456184159384,0,1,22.46,79.92
CPT-AVS-45,2011,1573367.13,5181100.03,112.96671599212328,0,0,22.46,79.92
CPT-AVS-49,2011,1573714.79,5181137.05,120.19374217389388,0,0,22.46,83.17
CPT-AVS-51,2011,1573911.08,5181146.5,117.94177498145694,0,0,22.24,83.17
CPT-AVS-55,2011,1574281.78,5180862.64,124.01348668069821,0,0,22.24,97.21
CPT-AVS-57,2011,1574142.32,5181112.75,106.5249054909937,0,0,22.24,97.21
CPT-BDL-01,2010,1566939.14,5184259.77,83.66097057687632,0,1,26.73,26.38
CPT-BDL-02,2010,1567137.08,5184147.46,75.07582067758341,0,0,25.38,26.38
CPT-BDL-03,2010,1565528.17,5185394.21,86.29004272049373,0,0,27.96,23.9
CPT-BDL-06,2010,1566175.45,5185589.59,70.13068563245032,0,0,27.03,24.3
CPT-BDL-10,2010,1566523.89,5185872.65,67.76470749853219,0,0,27.03,24.3
CPT-BDL-11,2010,1566700.95,5185625.14,67.21142272569433,0,0,27.03,24.7
CPT-BEX-01,2010,1577410.02,5181510.18,84.76822698688109,0,0,21.67,93.43
CPT-BEX-04,2010,1577310.33,5181645.84,108.45770020547043,0,0,21.67,93.43
CPT-BEX-06,2010,1577726.1,5181964.88,117.04139669569786,0,0,21.67,95.51
CPT-BEX-07,2010,1577245.9,5181935.02,97.7357674877291,0,0,21.67,93.43
CPT-BEX-08,2010,1577507.77,5182007.92,90.5199232156971,0,0,21.67,95.51
CPT-BEX-09,2010,1577800.3,5182116.62,86.06605615871447,0,0,21.24,95.51
CPT-BEX-10,2010,1577174.14,5182171.0,131.19652074955587,0,1,21.67,93.43
CPT-BEX-11,2010,1577437.97,5182240.04,91.22685362449567,0,0,21.67,85.08
CPT-BEX-12,2010,1577619.95,5182310.84,82.42207900306391,0,0,21.67,85.08
CPT-BEX-13,2010,1577144.42,5182450.7,81.68373789994689,0,0,21.67,81.63
CPT-BEX-14,2010,1577320.06,5182472.14,91.43824069877088,0,0,21.67,81.63
CPT-BEX-16,2010,1577054.55,5182638.96,78.74347942065647,0,0,21.67,81.63
CPT-BEX-17,2010,1577270.18,5182708.33,88.1046932932233,0,1,21.67,81.63
CPT-BEX-18,2010,1577822.55,5182279.42,105.13345865930471,0,0,21.24,85.08
CPT-BEX-19,2010,1576916.86,5182826.2,92.35172980841214,0,0,21.67,81.63
CPT-BEX-26,2010,1577857.45,5182162.61,91.56544742051119,0,0,21.24,95.51
CPT-BEX-27,2010,1577822.5,5182072.37,107.49157601973155,0,0,21.24,95.51
CPT-BEX-29,2010,1577464.06,5181341.02,85.46638856248555,0,0,21.67,95.51
CPT-BEX-33,2010,1577822.55,5182279.42,85.23658661701631,0,0,21.24,85.08
CPT-BEX-35,2010,1577576.56,5181864.31,103.9653669919223,0,0,21.67,95.51
CPT-BFT-08,2010,1569270.64,5188256.36,72.1737084337226,0,1,25.68,23.68
CPT-BFT-10,2010,1569440.7,5188175.85,78.58137583174359,0,1,25.58,24.93
CPT-BKM-09,2011,1570969.0,5176619.99,61.87806356173128,0,0,22.4,92.11
CPT-BKM-11,2011,1571360.71,5176820.63,81.6292045749261,0,1,21.94,81.79
CPT-BKM-14,2011,1570710.76,5176364.56,226.28000662885603,0,0,22.4,82.87
CPT-BKM-15,2011,1570897.06,5176447.72,84.19698946282199,0,0,22.4,92.11
CPT-BKM-19,2011,1571063.09,5175775.22,89.27674066477138,0,0,22.4,92.11
CPT-BKM-20,2011,1571167.13,5176380.16,87.54890234727829,0,0,21.94,92.11
CPT-BKM-21,2011,1571027.34,5176115.45,79.4998007378762,0,0,22.4,92.11
CPT-BKM-25,2011,1571438.17,5176374.96,70.66152164681472,0,1,21.94,101.4
CPT-BKM-31,2011,1571333.15,5176372.66,81.20099944735826,0,1,21.94,92.11
CPT-BRK-01,2010,1575350.37,5192876.88,101.40781647074762,0,0,23.53,28.69
CPT-BRK-02,2010,1575191.43,5192903.26,115.91605552061749,1,1,23.53,28.69
CPT-BRK-03,2010,1575125.8,5193273.48,116.66745618348449,0,0,23.53,28.69
CPT-BRK-04,2010,1575185.99,5193750.48,134.4420471047792,1,0,23.53,26.83
CPT-BRK-05,2010,1575248.2,5194107.85,90.05120001360369,1,1,23.66,26.83
CPT-BRK-07,2010,1575323.04,5194519.04,103.43667086613512,1,1,23.66,25.4
CPT-BRK-09,2010,1575891.68,5194516.49,92.50759855776428,1,0,23.66,26.03
CPT-BRK-12,2010,1575351.02,5194775.19,93.81390319240072,1,1,23.66,25.4
CPT-BRK-15,2010,1575596.31,5194959.4,92.03957904198751,0,1,23.66,26.03
CPT-BRK-18,2010,1575147.05,5193927.82,110.91498942406974,1,1,23.66,26.83
CPT-BRY-01,2011,1575099.77,5180935.51,98.6879217827433,0,0,21.91,93.95
CPT-BRY-03,2011,1574650.64,5180807.19,125.02286995646173,0,0,22.14,97.21
CPT-BRY-05,2011,1574415.6,5180393.63,134.0788542408635,0,0,22.14,97.21
CPT-BRY-08,2011,1575352.16,5179983.17,98.97958297358907,0,0,22.09,104.3
CPT-BRY-10,2011,1574862.21,5179357.01,136.26719590550607,0,1,22.14,106.4
CPT-BRY-11,2011,1574761.12,5179288.4,135.95118927835674,0,0,22.14,106.4
CPT-BRY-12,2011,1575270.06,5179058.91,118.89331124874566,0,0,22.09,106.4
CPT-BRY-13,2011,1574789.11,5178963.12,146.30209239303525,0,0,22.61,106.4
CPT-BRY-15,2011,1574497.12,5179565.39,109.00756537431899,0,0,22.14,99.62
CPT-BRY-16,2011,1574370.84,5179548.14,128.22926559526113,0,0,22.14,99.62
CPT-BRY-18,2011,1574275.08,5179602.78,97.48152027035349,0,0,22.14,99.62
CPT-BRY-20,2011,1574823.12,5179753.75,133.75706384877478,0,0,22.14,104.3
CPT-BRY-21,2011,1575010.18,5180125.91,102.72597490879852,0,0,22.14,104.3
CPT-BRY-22,2011,1574270.4,5180022.22,139.525154680196,0,0,22.14,99.62
CPT-BUR-03,2010,1574122.15,5183152.5,79.9931686389979,0,0,22.59,64.24
CPT-BUR-05,2010,1573932.91,5183259.54,76.53227538749113,0,0,22.59,59.55
CPT-BUR-06,2010,1574224.55,5183261.04,84.74244094676874,0,0,22.59,64.24
CPT-BUR-07,2010,1574132.76,5183360.69,78.88452204982488,0,0,22.59,64.24
CPT-BUR-08,2010,1573690.75,5183434.84,87.84943741381295,0,0,22.46,59.55
CPT-BUR-101,2011,1574466.75,5185374.58,111.43899886920447,0,0,23.06,51.57
CPT-BUR-102,2011,1574300.33,5184806.63,108.31843229249624,0,1,23.06,56.84
CPT-BUR-104,2011,1574096.77,5185337.38,120.41795605105182,0,1,23.06,51.57
CPT-BUR-105,2011,1574385.43,5184517.99,137.01783617333413,0,0,22.59,56.84
CPT-BUR-11,2010,1573555.27,5183600.37,79.68360908363604,0,0,22.46,59.55
CPT-BUR-12,2010,1573673.65,5183591.8,85.36846942837043,0,0,22.46,59.55
CPT-BUR-18,2010,1573678.78,5183942.6,80.09087917953558,0,0,22.46,59.55
CPT-BUR-19,2010,1574060.59,5183581.85,71.33169903121973,0,0,22.59,59.55
CPT-BUR-26,2010,1574310.74,5183287.96,85.6481167638069,0,1,22.59,64.24
CPT-BUR-27,2010,1574145.84,5183562.21,97.97426041445749,0,1,22.59,64.24
CPT-BUR-28,2010,1574315.15,5183567.8,120.80734672576494,0,0,22.59,64.24
CPT-BUR-29,2010,1573958.28,5183679.0,78.31302001806935,0,0,22.59,59.55
CPT-BUR-30,2010,1573882.58,5183868.76,76.16431881862754,0,0,22.59,59.55
CPT-BUR-31,2010,1573624.09,5183944.45,85.16425978366941,0,0,22.46,59.55
CPT-BUR-33,2010,1573137.87,5183009.62,159.13682482909837,0,0,22.46,60.67
CPT-BUR-34,2010,1574226.9,5184924.32,108.13282755612371,0,0,23.06,56.84
CPT-BUR-35,2010,1574243.27,5184806.06,85.11360915404923,0,1,23.06,56.84
CPT-BUR-36,2010,1574226.56,5184738.83,79.35438092332885,0,1,23.06,56.84
CPT-BUR-37,2010,1574338.24,5184738.32,101.99207983486787,0,1,23.06,56.84
CPT-BUR-38,2010,1575145.74,5183586.44,87.37519754649998,0,0,22.03,65.96
CPT-BUR-39,2010,1575071.83,5183451.4,81.49798513115817,0,1,22.59,65.96
CPT-BUR-41,2010,1575445.25,5183463.94,82.50634174348946,0,1,22.03,69.93
CPT-BUR-42,2010,1575330.49,5183843.5,83.33127314392144,0,0,22.03,65.96
CPT-BUR-43,2010,1575300.65,5184245.65,84.94719209631097,0,0,22.03,60.16
CPT-BUR-44,2010,1575535.09,5184224.26,86.90272436353246,0,0,22.03,62.11
CPT-BUR-46,2010,1575767.47,5183825.18,91.60031689675628,0,1,22.03,69.93
CPT-BUR-47,2010,1574789.98,5184744.13,98.4746685535529,0,1,23.06,60.16
CPT-BUR-48,2010,1574874.0,5184738.09,96.66390183367619,0,1,23.06,60.16
CPT-BUR-49,2010,1574897.92,5184856.13,88.58827932907775,0,1,23.06,60.16
CPT-BUR-51,2010,1573613.76,5183291.47,77.87877424130274,0,0,22.46,59.55
CPT-BUR-52,2010,1573541.65,5183881.12,85.69584284645606,0,0,22.46,59.55
CPT-BUR-53,2010,1573624.08,5183944.45,78.20018132196046,0,0,22.46,59.55
CPT-BUR-54,2010,1573887.01,5184020.57,78.68058428906338,0,0,22.59,59.55
CPT-BUR-57,2010,1575105.79,5183415.3,78.77146680473766,0,0,22.03,65.96
CPT-BUR-58,2010,1575167.14,5183400.15,80.28369993050673,0,1,22.03,65.96
CPT-BUR-59,2010,1575306.95,5183420.1,79.5501138695704,0,1,22.03,65.96
CPT-BUR-60,2010,1575381.88,5183442.01,81.24775812291733,0,1,22.03,65.96
CPT-BUR-70,2011,1575784.23,5183593.47,101.44504905255623,0,1,22.03,69.93
CPT-BUR-71,2011,1575538.18,5183572.75,97.21120173678175,0,0,22.03,69.93
CPT-BUR-72,2011,1575344.46,5183567.43,106.48011525915732,0,0,22.03,65.96
CPT-BUR-73,2011,1575130.44,5183503.26,103.11688031997441,0,0,22.03,65.96
CPT-BUR-77,2011,1575532.35,5183676.47,82.19026197319864,0,1,22.03,69.93
CPT-BUR-78,2011,1575774.25,5183853.41,88.10974586725882,0,1,22.03,69.93
CPT-BUR-79,2011,1575778.78,5184023.16,80.31862853279524,0,1,22.03,69.93
CPT-BUR-80,2011,1575624.82,5184243.29,112.95697986206201,0,0,22.03,62.11
CPT-BUR-81,2011,1575585.49,5183996.63,103.20744684661197,0,1,22.03,69.93
CPT-BUR-82,2011,1575436.47,5184220.2,120.15685448771522,0,1,22.03,62.11
CPT-BUR-84,2011,1575100.69,5184273.27,87.63368844078599,0,0,22.03,60.16
CPT-BUR-88,2011,1574946.49,5183785.81,87.58058029465327,0,0,22.59,65.96
CPT-BUR-93,2011,1575256.58,5184542.78,132.25263666731027,0,1,22.37,60.16
CPT-BUR-96,2011,1574561.45,5185105.09,95.8559145091553,0,0,23.06,51.57
CPT-BUR-99,2011,1574600.95,5184905.76,99.77655691066538,0,0,23.06,56.84
CPT-BYR-01,2011,1567936.1,5183178.26,88.7877290377763,0,0,25.38,29.71
CPT-CBD-04,2011,1570596.81,5181259.24,83.56352318058066,0,0,22.83,57.63
CPT-CBD-07,2011,1571314.42,5181280.4,71.36599465390428,0,0,22.52,63.18
CPT-CBD-10,2011,1569845.16,5181033.14,112.03349512434008,0,0,22.83,50.88
CPT-CBD-101P,2011,1570619.57,5179180.59,86.0478160501962,0,1,21.29,65.49
CPT-CBD-105,2011,1571529.95,5179127.4,97.2033679086441,0,0,21.99,76.32
CPT-CBD-106,2011,1571826.82,5179057.72,99.90046960855436,0,0,21.99,76.32
CPT-CBD-107,2011,1568982.51,5179005.48,63.86651127501589,0,0,20.92,53.1
CPT-CBD-108,2011,1569436.36,5178977.77,93.54716159286261,0,1,20.92,58.07
CPT-CBD-109,2011,1569961.07,5179026.1,81.69911992795485,0,0,21.29,58.07
CPT-CBD-113,2011,1570959.43,5178996.84,84.75259334877241,0,0,21.29,71.59
CPT-CBD-116,2011,1569130.28,5178827.55,76.34824352602134,0,0,22.62,53.1
CPT-CBD-117,2011,1569474.84,5178876.41,75.60496526789025,0,0,22.62,58.07
CPT-CBD-118,2011,1569574.89,5178889.54,73.11500194052276,0,1,22.62,58.07
CPT-CBD-119,2011,1569846.81,5178884.05,76.82659732646638,0,0,22.3,58.07
CPT-CBD-122,2011,1570660.78,5178889.04,79.30114568422051,0,0,22.3,65.49
CPT-CBD-123,2011,1570922.33,5178859.17,91.18726885639474,0,0,22.3,71.59
CPT-CBD-125,2011,1571451.07,5178818.12,81.78998531896752,0,0,22.09,76.32
CPT-CBD-128,2011,1570371.1,5178612.76,79.20294039712505,0,0,22.3,65.49
CPT-CBD-129,2011,1570731.77,5178612.98,79.23982331431385,0,1,22.3,71.59
CPT-CBD-130,2011,1570827.07,5178581.83,86.46895274528565,0,1,22.3,71.59
CPT-CBD-131,2011,1571163.11,5178640.75,85.40033971101025,0,0,22.09,71.59
CPT-CBD-135,2011,1570662.57,5178386.98,101.36217292568645,0,1,22.3,69.75
CPT-CBD-136,2011,1570827.08,5178342.44,77.854240237219,0,0,22.3,73.94
CPT-CBD-137,2011,1571121.26,5178287.22,72.35859654915076,0,0,22.09,73.94
CPT-CBD-138,2011,1571449.22,5178351.17,80.74541889315374,0,1,22.09,78.72
CPT-CBD-141,2011,1572725.0,5175980.0,80.83182081338983,0,0,20.53,108.0
CPT-CBD-142,2011,1571919.85,5178791.62,84.35442670439816,0,0,22.09,76.32
CPT-CBD-144,2011,1572285.16,5179150.35,92.94746610942025,0,0,21.99,83.65
CPT-CBD-145,2011,1572072.34,5179356.86,96.5281959857238,0,0,21.99,83.65
CPT-CBD-146,2011,1572271.6,5179379.09,82.49878781098177,0,0,21.99,83.65
CPT-CBD-148,2011,1572292.23,5179451.98,93.6059967673774,0,1,21.99,76.11
CPT-CBD-18,2011,1571810.29,5180970.86,99.60375512318342,0,0,22.52,67.03
CPT-CBD-21,2011,1570375.61,5180888.53,106.29456702521327,0,0,22.83,57.63
CPT-CBD-22,2011,1570614.23,5180868.39,98.72454923011925,0,1,22.83,57.63
CPT-CBD-25,2011,1571381.08,5180915.98,86.44184820863049,0,1,22.52,67.03
CPT-CBD-29,2011,1570144.46,5180628.78,81.87397871878301,0,0,21.29,57.63
CPT-CBD-32,2011,1570908.85,5180654.25,103.17664541711338,0,1,21.29,63.18
CPT-CBD-36,2011,1571777.36,5180592.97,122.12565345565605,0,0,21.99,67.03
CPT-CBD-37P,2011,1569919.0,5180455.51,99.22737002179181,0,0,21.29,50.88
CPT-CBD-42,2011,1571138.47,5180416.94,83.85764656777579,0,1,21.99,63.18
CPT-CBD-43,2011,1571319.68,5180410.99,94.83438407700243,0,0,21.99,63.18
CPT-CBD-45,2011,1571607.2,5180398.89,129.45404943582037,0,0,21.99,67.03
CPT-CBD-46,2011,1571779.0,5180360.86,138.76754666063783,0,0,21.99,73.45
CPT-CBD-47,2011,1569897.01,5180217.58,78.99469462876294,0,1,21.29,53.88
CPT-CBD-51,2011,1570866.45,5180171.98,115.02121379880136,0,0,21.29,67.94
CPT-CBD-53,2011,1571344.07,5180155.24,94.32728108705142,0,0,21.99,67.94
CPT-CBD-54,2011,1571433.06,5180170.26,99.03749696697692,0,0,21.99,73.45
CPT-CBD-55,2011,1571779.25,5180195.5,148.83333325559641,0,0,21.99,73.45
CPT-CBD-61,2011,1571136.95,5180054.25,98.66817538074945,0,0,21.99,67.94
CPT-CBD-65,2011,1569888.41,5179752.55,90.52471167146389,0,1,21.29,53.88
CPT-CBD-70,2011,1571111.09,5179787.78,101.02748587843179,0,0,21.99,67.94
CPT-CBD-74,2011,1569968.22,5179539.86,90.62554449360769,0,0,21.29,53.88
CPT-CBD-79,2011,1571177.68,5179535.04,103.40985633581019,0,0,21.99,67.94
CPT-CBD-82,2011,1571745.11,5179578.8,91.05777377983507,0,1,21.99,73.45
CPT-CBD-83,2011,1569428.09,5179417.92,88.0211660816239,0,0,20.92,58.07
CPT-CBD-86,2011,1570166.79,5179357.79,79.6401294664713,0,1,21.29,65.49
CPT-CBD-87,2011,1570350.22,5179324.19,84.81080338432152,0,1,21.29,65.49
CPT-CBD-91,2011,1571358.9,5179337.78,105.28641640163389,0,0,21.99,71.59
CPT-CBD-92,2011,1571553.23,5179391.64,103.75876568593141,0,1,21.99,76.32
CPT-CBD-94,2011,1569140.92,5179094.56,71.99670378610969,0,0,20.92,53.1
CPT-CBD-98P,2011,1569879.48,5179176.59,61.94655348190909,0,1,21.29,58.07
CPT-CBD-OC01,2011,1571080.28,5180388.49,104.46081014072357,0,1,21.99,63.18
CPT-CBD-OC03,2011,1571108.1,5180379.32,113.36618806697103,0,1,21.99,63.18
CPT-CBD-PC01,2011,1571079.78,5180387.0,129.08186879979434,0,1,21.99,63.18
CPT-CBD-PC03,2011,1571108.12,5180380.19,136.98679136204703,0,1,21.99,63.18
CPT-CBD-Z2-1,2011,1570502.21,5180375.42,126.51369038997596,0,0,21.29,57.63
CPT-CBD-Z2-11,2011,1570623.21,5180460.58,114.10359221954512,0,1,21.29,57.63
CPT-CBK-03,2010,1567598.49,5185478.32,71.80849235602165,0,0,25.85,25.19
CPT-CBK-04,2010,1567802.38,5185577.24,105.48580443672381,0,0,25.85,25.19
CPT-CBK-08,2010,1568380.93,5186000.94,82.75690216904752,0,1,25.55,24.37
CPT-CHM-08,2011,1570406.17,5176324.53,80.14199555814261,0,1,22.4,82.87
CPT-CHM-12,2011,1570554.71,5176183.38,75.88408179899199,0,0,22.4,82.87
CPT-DAL-07,2010,1574602.57,5182888.22,90.68554711033947,0,0,22.59,68.54
CPT-DAL-10,2010,1573547.91,5181402.25,68.29614883882482,0,0,22.46,73.3
CPT-DAL-11,2010,1573475.39,5181613.71,130.55009410182478,0,0,22.46,73.3
CPT-DAL-12,2010,1573546.15,5181653.92,88.84224128763789,0,0,22.46,73.3
CPT-DAL-17,2010,1573495.1,5181834.56,133.49132110702283,0,0,22.46,73.3
CPT-DAL-19,2010,1573913.09,5181844.99,89.98390873723953,0,0,22.24,73.3
CPT-DAL-20,2010,1574113.48,5181897.97,105.87686345698759,0,0,22.24,82.14
CPT-DAL-22,2010,1573614.93,5182098.11,139.2648616830985,0,0,22.46,73.3
CPT-DAL-23,2010,1573910.29,5182147.67,85.03888749384839,0,0,22.24,73.3
CPT-DAL-25,2010,1574327.22,5182208.53,80.49140881321394,0,0,22.24,82.14
CPT-DAL-26,2010,1573900.35,5182314.86,136.70813448923838,0,0,22.24,67.92
CPT-DAL-27,2010,1574131.27,5182348.13,85.97529054963525,0,0,22.24,68.54
CPT-DAL-28,2010,1574347.38,5182392.82,97.39262884599813,0,0,22.24,68.54
CPT-DAL-29,2010,1573923.06,5182569.96,83.14187984978777,0,0,22.24,67.92
CPT-DAL-31,2010,1574317.6,5182612.75,91.72410024193213,0,0,22.24,68.54
CPT-DAL-33,2010,1574183.27,5182817.31,79.42318987186303,0,0,22.59,68.54
CPT-DAL-37,2010,1574304.42,5183000.16,79.86806031253825,0,0,22.59,68.54
CPT-DAL-38,2010,1573319.65,5182003.01,150.7251051066862,0,0,22.46,70.66
CPT-DAL-40,2010,1573527.21,5182478.35,104.32257707873109,0,0,22.46,67.92
CPT-DAL-41,2010,1573713.36,5182733.94,141.88329618122353,0,0,22.46,67.92
CPT-DAL-42,2010,1573557.78,5181723.25,87.5555151437421,0,0,22.46,73.3
CPT-DAL-43,2010,1573563.31,5181672.51,90.22239590321463,0,0,22.46,73.3
CPT-DAL-44,2010,1573449.04,5181581.74,111.92469703888175,0,0,22.46,73.3
CPT-DAL-45,2010,1573404.17,5181504.98,114.39157711557272,0,0,22.46,73.3
CPT-DAL-46,2010,1577822.55,5182279.42,109.78265113099913,0,0,21.24,85.08
CPT-DAL-48,2010,1573473.04,5181229.59,82.89962177875228,0,0,22.46,83.17
CPT-DAL-49,2010,1573519.39,5181222.23,79.40779282579786,0,0,22.46,83.17
CPT-DAL-50,2010,1573689.37,5181227.87,132.94396929622627,0,0,22.46,83.17
CPT-DAL-51,2010,1573766.75,5181305.56,127.86559448601487,0,0,22.24,73.3
CPT-DAL-53,2010,1573787.29,5181498.65,78.88956243907117,0,0,22.24,73.3
CPT-DAL-54,2010,1564713.58,5177676.78,119.53541251777227,0,0,28.2,34.52
CPT-DAL-55,2010,1574174.61,5181733.28,98.1156890810362,0,0,22.24,82.14
CPT-DAL-57,2010,1574341.89,5182241.57,83.35643440792892,0,0,22.24,68.54
CPT-DAL-58,2010,1574352.36,5182302.31,84.55834129366633,0,0,22.24,68.54
CPT-DAL-59,2010,1574348.13,5182455.39,87.76421787986376,0,0,22.24,68.54
CPT-DAL-60,2010,1574338.38,5182520.28,98.77960412456105,0,0,22.24,68.54
CPT-DAL-61,2010,1574315.47,5182626.2,89.80764865531704,0,0,22.24,68.54
CPT-DAL-62,2010,1574300.85,5182775.75,84.19307818388525,0,0,22.59,68.54
CPT-FND-07,2010,1568060.77,5181489.81,80.41937377203485,0,1,24.2,39.36
CPT-FND-10,2010,1567472.29,5181622.81,85.15381471144947,0,1,24.2,36.71
CPT-FND-25,2011,1568501.05,5181766.68,68.66374590949611,0,0,22.71,39.36
CPT-FND-27,2011,1568539.58,5181119.79,87.77110345495849,0,0,22.71,42.34
CPT-FND-28,2011,1568235.36,5181136.81,88.17901964286762,0,0,24.2,42.34
CPT-HAL-03,2010,1565486.03,5175383.9,58.01734705208749,0,0,28.82,39.87
CPT-HAL-14,2010,1563413.75,5175479.22,69.1069502710596,1,0,30.67,31.54
CPT-HAL-15,2010,1563611.42,5175309.85,67.47328885108139,0,0,30.67,31.54
CPT-HAL-18,2010,1564174.39,5174722.73,75.03646433893392,1,0,30.98,33.64
CPT-HAL-24,2010,1564960.79,5173690.81,86.12799926899483,0,0,29.24,33.71
CPT-HAL-27,2010,1564913.67,5173182.53,77.67828809943536,0,1,31.17,33.71
CPT-HAL-32,2010,1565534.48,5174172.79,71.95164417263858,0,0,29.24,39.49
CPT-HAL-35,2010,1565812.03,5175015.88,81.74220544275337,0,0,28.83,39.87
CPT-HAL-36,2010,1565699.71,5174666.52,80.50838746786512,1,1,28.83,39.49
CPT-HAL-37,2010,1565561.75,5174400.82,69.86636151358458,0,0,29.24,39.49
CPT-HAL-40,2010,1565005.75,5174768.57,71.90852460277921,0,0,29.24,35.81
CPT-HAL-42,2010,1564889.9,5175339.73,81.09952535685862,0,0,28.82,36.17
CPT-HAL-44,2010,1573298.04,5182036.06,72.90639912199526,0,0,22.46,70.66
CPT-HAL-45,2010,1564781.48,5175767.47,64.81941546252278,0,0,28.82,36.1
CPT-HLB-03,2011,1573365.21,5176968.37,84.04977775324473,0,0,20.53,118.5
CPT-HLB-04,2011,1573402.57,5176950.53,85.44844741334356,0,0,20.53,118.5
CPT-HLB-07,2011,1573413.86,5176633.96,72.52919619044118,0,1,20.53,111.9
CPT-HLB-10,2011,1573538.31,5176722.49,77.67075475326223,0,0,20.53,124.0
CPT-HLB-11,2011,1573666.56,5176925.27,98.3868164190501,0,0,20.53,124.0
CPT-HLB-12,2011,1573661.84,5176763.43,81.76956763249295,0,0,20.53,124.0
CPT-HNH-02,2010,1568454.58,5176041.02,75.92372300034495,0,1,24.63,52.69
CPT-HNH-03,2010,1568322.52,5175737.55,70.55454262309195,0,1,24.58,52.69
CPT-HNH-09,2011,1567055.41,5177121.08,65.88107947751833,0,0,24.33,45.82
CPT-HNH-11,2011,1567663.25,5177139.63,78.83528105553978,0,0,24.33,49.93
CPT-HNH-14,2011,1567298.83,5176839.25,64.29420872673441,0,0,24.58,45.82
CPT-HNH-18,2011,1566747.11,5176513.5,74.58433219434062,0,0,27.27,46.19
CPT-HNH-21,2011,1567983.8,5176761.87,86.87301844497429,0,0,24.58,49.93
CPT-HNH-22,2011,1568189.33,5176910.9,95.47440755366388,0,0,24.58,54.27
CPT-HNH-25,2011,1568661.44,5176874.31,78.54429303896481,0,1,24.63,54.27
CPT-HNH-26,2011,1567989.58,5176277.12,78.48238183229869,0,0,24.58,47.54
CPT-HNH-30,2011,1568243.25,5175891.42,74.13125482983884,0,1,24.58,52.69
CPT-HNH-32,2011,1568356.25,5175655.9,73.53552305308249,0,1,24.58,59.38
CPT-HNH-33,2011,1568640.0,5175713.03,79.86381668127977,0,0,24.63,59.38
CPT-HNH-38,2011,1566840.07,5177511.99,75.27662792184734,0,0,25.93,45.82
CPT-KAN-03,2010,1572096.61,5182098.5,63.09541429999896,0,1,22.52,64.67
CPT-KAN-05,2010,1572386.86,5196601.13,82.93793704041705,0,0,26.59,21.18
CPT-KAN-06,2010,1572480.95,5196520.84,70.09860801787663,1,0,26.59,21.18
CPT-KAN-07,2010,1572711.51,5196310.34,73.10829638183057,1,1,26.59,21.67
CPT-KAN-08,2010,1573043.55,5196169.13,72.35109866460947,1,1,26.59,21.67
CPT-KAN-09,2010,1572574.61,5196778.1,63.12683724071261,0,0,26.59,21.18
CPT-KAN-10,2010,1572656.17,5196687.95,94.63550229005779,1,0,26.59,21.18
CPT-KAN-12,2010,1573047.24,5196427.75,86.51795377092886,1,0,26.59,21.67
CPT-KAN-13,2010,1573172.24,5196274.66,59.78899580557611,1,0,26.59,21.67
CPT-KAN-14,2010,1573309.78,5196361.98,79.36909971800364,1,0,26.59,21.67
CPT-KAN-15,2010,1573331.24,5196529.78,79.92321623445767,1,0,26.59,21.67
CPT-KAN-17,2010,1572859.85,5196869.36,79.55383505039359,1,0,26.59,21.67
CPT-KAN-18,2010,1573060.14,5196640.8,76.06828730087932,1,0,26.59,21.67
CPT-KAN-20,2010,1573474.52,5196551.09,87.3619175816906,1,1,26.59,22.14
CPT-KAN-23,2010,1573560.33,5196806.28,150.15680699155394,1,1,26.59,22.14
CPT-KAN-26,2010,1572219.3,5196845.47,83.7290519902248,0,0,26.43,21.18
CPT-KAN-28,2010,1572278.54,5196750.64,78.19412780657218,0,0,26.43,21.18
CPT-KAN-30,2010,1572547.16,5196625.67,67.2912649648333,0,0,26.59,21.18
CPT-KAN-31,2010,1572882.96,5196195.95,75.1998354923346,1,1,26.59,21.67
CPT-KAN-32,2010,1572877.54,5196213.08,88.7160580839397,1,1,26.59,21.67
CPT-KAN-35,2010,1572578.35,5196418.79,65.86232260116032,1,1,26.59,21.18
CPT-KAN-38,2010,1573084.47,5196180.29,72.47264795990037,1,0,26.59,21.67
CPT-KAN-39,2010,1573405.04,5196231.21,78.754400365079,1,1,26.59,22.14
CPT-KAN-40,2010,1573255.62,5196256.85,71.85140581677246,1,1,26.59,21.67
CPT-KAN-41,2010,1573338.64,5196256.73,73.19565588305056,1,1,26.59,21.67
CPT-KAN-42,2010,1572226.31,5196825.47,71.3364176714261,0,0,26.43,21.18
CPT-KAN-43,2010,1572405.57,5196584.46,82.72006915208934,0,0,26.59,21.18
CPT-KAS-02,2010,1572740.69,5195795.51,48.520606382806115,1,0,26.59,22.58
CPT-KAS-08,2010,1572516.99,5195704.14,71.55580959430682,1,0,26.59,22.02
CPT-KAS-13,2010,1572727.66,5196121.6,82.14946595714653,0,1,26.59,21.67
CPT-KAS-14,2010,1572479.96,5196327.7,88.10221242122857,0,0,26.59,21.18
CPT-KAS-16,2010,1571969.95,5196551.43,63.708611012694114,1,0,26.43,20.65
CPT-KAS-18,2010,1572068.19,5196782.42,74.08596139361605,1,0,26.43,21.18
CPT-KAS-19,2010,1571465.31,5196815.45,62.519403500270705,0,0,26.43,20.65
CPT-KAS-22,2010,1571930.45,5196932.51,73.11251657022564,1,1,26.43,20.65
CPT-KAS-23,2010,1571033.8,5196821.88,68.73568731344588,0,0,26.43,20.1
CPT-KAS-25,2010,1572272.42,5195588.2,228.8547341649407,0,0,26.08,22.02
CPT-KAS-29,2010,1572609.36,5195793.58,65.38319407376996,1,0,26.59,22.02
CPT-KAS-31,2010,1572603.96,5196216.66,89.92364269430442,0,1,26.59,21.18
CPT-KAS-34,2010,1571976.73,5196731.32,75.30410312784308,1,1,26.43,20.65
CPT-KAS-35,2010,1572108.31,5196535.36,90.0497271396164,0,0,26.43,21.18
CPT-KAS-36,2010,1572199.86,5196646.43,87.29614298013712,0,0,26.43,21.18
CPT-KAS-37,2010,1572242.49,5196600.0,189.0356196310392,0,0,26.43,21.18
CPT-KAS-38,2010,1572222.64,5196403.05,68.1453430957132,0,0,26.43,21.18
CPT-KAS-41,2010,1572081.61,5196902.22,64.85781315872447,0,0,26.43,21.18
CPT-KAS-43,2010,1572555.85,5196253.63,83.37561760442594,0,1,26.59,21.18
CPT-KAS-46,2010,1572725.2,5195980.22,79.62283368557087,1,0,26.59,22.58
CPT-KAS-47,2010,1572756.77,5195866.11,54.39496324035885,0,1,26.59,22.58
CPT-KAS-48,2010,1572740.69,5195795.51,54.071777425688516,1,0,26.59,22.58
CPT-KAS-50,2010,1572561.76,5195382.43,61.8857234673309,0,1,25.86,22.02
CPT-KAS-51,2010,1572516.82,5195333.97,65.91349438096324,1,1,25.86,22.02
CPT-KAS-52,2010,1572465.63,5195379.26,67.55843236171984,0,1,25.86,22.02
CPT-KAS-53,2010,1572091.36,5196752.85,66.06941158321202,1,0,26.43,21.18
CPT-KAS-54,2010,1572294.91,5196562.13,104.44451023932888,0,0,26.43,21.18
CPT-KAS-55,2010,1572330.92,5196522.27,71.07340027555534,0,0,26.59,21.18
CPT-KGA-01,2010,1573109.93,5194207.68,90.3429062266332,0,0,25.86,20.45
CPT-KGA-02,2010,1573150.49,5194129.95,209.5944462805108,0,0,25.86,20.45
CPT-KRB-02,2010,1575952.34,5196255.05,90.53045343785304,1,1,23.89,23.43
CPT-KRB-03,2010,1575951.34,5196542.94,89.0349345044038,1,1,23.89,23.43
CPT-LWD-02,2011,1571935.3,5180646.32,125.87825694557036,0,0,21.99,67.03
CPT-LWD-03,2011,1572275.21,5180705.28,89.68405940314113,0,1,21.99,70.22
CPT-LWD-04,2011,1572574.76,5180781.82,77.70452293569528,0,0,22.07,70.22
CPT-LWD-10,2011,1573734.99,5180674.44,151.37867967470453,0,0,22.07,83.17
CPT-LWD-11,2011,1574360.22,5180665.44,154.02850240023352,0,1,22.14,97.21
CPT-LWD-12,2011,1574116.86,5180484.12,125.25605389251787,0,0,22.14,97.21
CPT-LWD-13,2011,1573810.2,5180382.12,135.13626990362974,0,0,22.14,83.17
CPT-LWD-15,2011,1573330.25,5180284.75,128.40990290766493,0,0,22.07,84.8
CPT-LWD-17,2011,1571824.38,5180400.82,110.33026246477452,0,0,21.99,67.03
CPT-LWD-24,2011,1573253.9,5179919.05,109.31747249493591,0,0,22.07,84.8
CPT-LWD-26,2011,1572527.86,5179107.87,95.12247758969546,0,0,22.07,83.65
CPT-LWD-32,2011,1573684.4,5178577.58,93.82899539651336,0,1,22.59,91.49
CPT-LWD-38,2011,1574187.46,5180342.15,113.78933588953853,0,0,22.14,99.62
CPT-LWD-39,2011,1574370.83,5180734.91,166.79796356859686,0,1,22.14,97.21
CPT-MRV-01,2010,1568833.95,5181086.57,95.87149520567642,0,0,22.71,44.14
CPT-MRV-18,2011,1569499.35,5182058.89,84.80236609630245,0,0,22.71,46.79
CPT-MRV-20,2011,1568903.81,5182027.39,90.14616311042522,0,0,22.71,42.12
CPT-NBT-06,2010,1576518.73,5183170.57,88.1477514248339,0,0,21.67,74.33
CPT-NBT-07,2010,1566700.95,5185625.14,86.56659265285143,0,0,27.03,24.7
CPT-NBT-15,2011,1576238.53,5184085.64,108.19307427090332,0,0,22.03,67.25
CPT-NBT-19,2011,1576260.54,5183400.36,109.78531409392204,0,0,22.03,74.33
CPT-NBT-21,2011,1576689.57,5183579.63,111.9926150705001,0,0,21.67,74.33
CPT-NBT-26,2011,1577072.23,5183485.21,95.23509908505949,0,0,21.67,75.33
CPT-NBT-28,2011,1576999.33,5182961.39,128.02773063462178,0,0,21.67,81.63
CPT-NBT-33,2011,1575981.75,5184006.81,87.89970283479161,0,0,22.03,69.93
CPT-NBT-34,2011,1578173.96,5181502.22,157.89870618409984,0,0,21.24,98.34
CPT-NBT-36,2011,1577915.39,5181879.65,110.20953208853584,0,1,21.24,95.51
CPT-NBT-37,2011,1577869.6,5181927.17,114.71410382332101,0,0,21.24,95.51
CPT-NBT-40,2011,1577879.63,5182401.25,101.75001989864042,0,0,21.24,85.08
CPT-NBT-41,2011,1577689.42,5182456.8,95.69338141588678,0,0,21.67,85.08
CPT-NBT-42,2011,1577517.5,5182578.56,89.50861040608831,0,0,21.67,85.08
CPT-NBT-43,2011,1577737.64,5182604.66,109.70701221183684,0,0,21.67,85.08
CPT-NBT-44,2011,1578020.43,5182556.62,135.66497167042277,0,0,21.24,85.08
CPT-NBT-45,2011,1578043.27,5182379.42,134.20746146646317,0,1,21.24,85.08
CPT-NBT-46,2011,1578147.62,5182239.73,130.4720059062769,0,0,21.24,91.87
CPT-NBT-47,2011,1578131.91,5182044.01,120.96807122233548,0,0,21.24,98.34
CPT-NBT-48,2011,1578150.61,5181805.9,134.9968805759779,0,0,21.24,98.34
CPT-NBT-49,2011,1578221.91,5181674.11,121.53979305081972,0,0,21.24,98.34
CPT-NNB-02,2011,1576659.17,5184563.24,103.36859403647416,0,1,21.91,67.25
CPT-NNB-07,2011,1577290.93,5184259.07,122.56324431348254,0,0,21.67,69.34
CPT-NNB-09,2011,1577240.91,5184055.08,119.94822486470605,0,0,21.67,75.33
CPT-OPA-02,2011,1572027.14,5177886.08,86.54913268901873,0,0,22.09,78.72
CPT-OPA-04,2011,1572404.02,5177662.93,102.63168499256982,0,0,22.59,89.04
CPT-OPA-06,2011,1572476.04,5177626.81,87.64024687495197,0,0,22.59,89.04
CPT-OPA-08,2011,1572507.55,5177469.63,77.11622846310661,0,0,22.59,109.5
CPT-OPA-10,2011,1573062.67,5177494.41,118.62706452439681,0,0,22.59,118.5
CPT-OPA-11,2011,1573095.28,5177648.89,113.66889633357334,0,0,22.59,96.65
CPT-OPA-14,2011,1572537.33,5177329.67,108.2920163061647,0,0,22.59,109.5
CPT-OPA-15,2011,1572792.41,5177217.1,92.57483435162302,0,0,22.59,118.5
CPT-OPA-16,2011,1573028.91,5177332.48,117.0341548050559,0,0,22.59,118.5
CPT-OPA-18,2011,1573234.74,5177267.31,133.16756768576965,0,0,22.59,118.5
CPT-OPA-20,2011,1572957.87,5176851.21,77.51894556815935,0,1,20.53,118.5
CPT-OPA-24,2011,1572375.86,5177133.42,113.80924416231588,0,0,22.09,109.5
CPT-PAI-14,2011,1568706.54,5182934.02,82.90049016699633,0,0,24.8,38.2
CPT-PAI-15,2011,1568530.37,5182644.97,96.82037312361605,0,0,22.71,35.1
CPT-PAI-17,2011,1568983.3,5182993.07,90.90645748935815,0,1,24.8,38.2
CPT-PAI-18,2011,1567724.07,5183502.86,75.54437669096497,0,0,25.38,29.71
CPT-PAI-19,2011,1568201.92,5184335.52,75.67572155334973,0,0,25.38,28.11
CPT-PIN-04,2010,1575778.41,5197255.67,87.99187277144125,1,0,23.89,22.23
CPT-PIN-05,2010,1575788.41,5197346.64,95.63559379573282,1,0,23.89,22.23
CPT-PIN-07,2010,1575914.36,5197211.69,100.20246432028304,1,1,23.89,22.23
CPT-PIN-08,2010,1575876.38,5197119.73,101.86184611195611,1,1,23.89,22.23
CPT-PIN-11,2010,1575805.41,5197646.53,96.64189264351751,0,0,23.29,22.23
CPT-PRK-04,2010,1575168.5,5186048.65,100.91304432191805,0,0,22.37,51.03
CPT-PRK-05,2010,1575593.44,5186064.8,95.70970714314063,0,0,22.37,52.39
CPT-PRK-06,2010,1575747.58,5186099.93,86.70209241042345,0,0,22.37,52.39
CPT-PRK-07,2010,1575631.11,5185816.64,91.23291960661032,0,0,22.37,56.1
CPT-PRK-08,2010,1575500.99,5185607.89,109.06341990730192,0,0,22.37,56.1
CPT-PRK-09,2010,1575265.42,5185760.71,97.30201154107492,0,0,22.37,54.69
CPT-RCH-02,2010,1572865.64,5181491.38,68.5148090225638,0,0,22.46,70.66
CPT-RCH-03,2010,1572590.18,5181552.59,131.15264304234105,0,0,22.46,64.67
CPT-RCH-05,2010,1572719.54,5181738.81,142.67360421486697,0,0,22.46,64.67
CPT-RCH-08,2010,1573065.25,5182005.35,93.85778435726621,0,0,22.46,70.66
CPT-RCH-10,2010,1572864.59,5182049.44,153.588590326502,0,0,22.46,70.66
CPT-RCH-11,2010,1573120.86,5182129.94,78.2281966567409,0,0,22.46,70.66
CPT-RCH-12,2010,1572976.14,5181931.23,78.83113800425097,0,0,22.46,70.66
CPT-RCH-13,2010,1573164.99,5182028.45,85.97696521120115,0,0,22.46,70.66
CPT-RCH-16,2010,1573297.93,5182035.91,69.30717606106919,0,0,22.46,70.66
CPT-RCH-17,2010,1572767.08,5181960.41,113.28460811155595,0,1,22.46,70.66
CPT-RCH-22,2010,1572318.45,5181928.27,88.36360551723487,0,1,22.52,64.67
CPT-RCH-25,2010,1572077.56,5181993.76,91.11287750019822,0,0,22.52,64.67
CPT-RCH-26,2010,1572418.4,5181737.54,103.03446230004883,0,0,22.46,64.67
CPT-RCH-29,2010,1572870.66,5181472.99,85.08743268551768,0,0,22.46,70.66
CPT-RCH-30,2010,1572946.48,5181892.91,83.171435570384,0,0,22.46,70.66
CPT-RCH-31,2010,1573113.49,5182019.79,113.22094883417617,0,0,22.46,70.66
CPT-RCH-43,2011,1572475.34,5180817.38,145.3707264279851,0,0,22.07,70.22
CPT-RCH-44,2011,1572349.5,5180815.21,89.93937099309116,0,0,21.99,70.22
CPT-RCH-46,2011,1572430.21,5181118.82,117.92022926280431,0,0,22.46,70.22
CPT-RCH-50,2011,1572149.03,5181390.39,90.88119756697057,0,0,22.52,64.67
CPT-RCH-52,2011,1571756.43,5181208.25,105.59211436035304,0,0,22.52,67.03
CPT-RCH-54,2011,1571813.15,5180885.57,120.79687592169611,0,0,22.52,67.03
CPT-RCH-58,2011,1572094.14,5180780.59,96.2250025726534,0,0,21.99,70.22
CPT-RCH-59,2011,1571977.51,5180975.1,96.87282590453117,0,0,22.52,67.03
CPT-RCH-60,2011,1571980.59,5180867.31,96.26102084149696,0,0,22.52,67.03
CPT-RCH-63,2011,1571925.03,5182212.44,94.9645759035124,0,0,22.52,52.2
CPT-RCH-66,2011,1572294.35,5182681.38,88.75138035053273,0,0,23.12,54.7
CPT-RCH-67,2011,1572280.89,5182457.98,214.6065620918232,0,0,22.52,54.7
CPT-RCH-68,2011,1572311.02,5182134.56,142.83281827770193,0,0,22.52,64.67
CPT-RCH-70,2011,1572520.65,5182677.79,130.4077462283496,0,0,22.46,54.7
CPT-RWD-01,2010,1568623.91,5185741.11,76.46909991210701,0,0,25.55,26.19
CPT-RWD-02,2010,1568860.76,5185983.45,85.75665074578174,0,0,25.55,25.55
CPT-RWD-03,2010,1568876.94,5186224.5,83.10774183869323,0,0,25.55,25.55
CPT-RWD-04,2010,1568715.5,5186461.64,66.68657396637373,0,0,25.58,25.55
CPT-RWD-05,2010,1568631.0,5186845.49,73.40440391960502,0,0,25.58,23.11
CPT-RWD-09,2010,1568947.61,5186782.44,88.17586998335247,0,0,25.58,25.55
CPT-RWD-10,2010,1569000.21,5186571.94,94.59905982527228,0,0,25.58,25.55
CPT-RWD-13,2010,1569882.58,5186450.23,85.83830370957443,0,0,25.1,27.43
CPT-SHY-06,2011,1572686.6,5183630.5,142.90317833515073,0,0,22.46,46.7
CPT-SHY-10,2011,1572240.93,5183300.74,81.12978712263,0,0,23.12,46.7
CPT-SHY-11,2011,1572574.38,5183484.23,152.50862150341956,0,1,22.46,46.7
CPT-SHY-13,2011,1572304.45,5183507.13,70.69954944191889,0,0,23.12,46.7
CPT-SHY-14,2011,1572347.58,5183055.27,145.93127012381692,0,0,23.12,54.7
CPT-SHY-15,2011,1572356.6,5182827.99,127.32715183409012,0,0,23.12,54.7
CPT-SHY-17,2011,1572061.39,5183022.04,92.36765582090352,0,0,23.12,54.7
CPT-SHY-21,2011,1571841.96,5183443.03,61.77692010920147,0,0,23.12,45.73
CPT-SHY-22,2011,1571996.47,5182845.76,63.56353563883763,0,1,23.12,52.2
CPT-SHY-25,2011,1572094.05,5182821.12,121.66138365564339,0,0,23.12,54.7
CPT-SHY-27,2011,1572737.86,5183004.33,145.53126759931985,0,0,22.46,60.67
CPT-SMF-01,2011,1569643.77,5176739.65,119.8046455927573,0,0,24.63,70.33
CPT-SMF-02,2011,1569852.67,5176581.42,61.9442750467764,0,1,22.4,75.49
CPT-SMF-05,2011,1569938.44,5176653.74,81.3409609279313,0,0,22.4,70.33
CPT-SMF-11,2011,1570111.4,5176422.29,67.1080361618409,0,1,22.4,82.87
CPT-SMF-14,2011,1570897.06,5176447.72,62.66933924191115,0,0,22.4,92.11
CPT-SMF-17,2011,1570282.0,5176377.24,87.12994231400545,0,0,22.4,82.87
CPT-SMF-20,2011,1570499.37,5176696.95,202.34328651844686,0,0,22.4,73.22
CPT-SMF-22,2011,1570668.85,5176825.71,80.9385218890297,0,0,22.4,73.22
CPT-SMF-23,2011,1570656.12,5176969.15,84.351461677466,0,0,22.4,73.22
CPT-SMF-25,2011,1570497.32,5177122.37,71.25589481376642,0,0,22.3,73.22
CPT-SMF-26,2011,1570403.82,5177337.2,64.69715892939269,0,0,22.3,73.22
CPT-SMF-27,2011,1570401.4,5177523.44,68.13141096562616,0,0,22.3,73.22
CPT-SMF-28,2011,1570315.66,5177608.05,72.3682807875883,0,0,22.3,69.75
CPT-SMF-29,2011,1570008.08,5177394.68,58.157462646792766,0,0,22.3,70.33
CPT-SMF-30,2011,1570182.09,5177233.14,88.45162830990733,0,0,22.3,73.22
CPT-SNB-01,2011,1578225.92,5181451.6,154.62115285341258,0,0,21.24,98.34
CPT-SNB-01F,2010,1577949.58,5181057.12,104.55849267764064,0,0,21.24,125.1
CPT-SNB-02,2011,1578181.85,5181155.64,131.46744744040018,0,0,21.24,93.67
CPT-SNB-04,2011,1578541.14,5180551.54,136.52130089845045,0,0,18.13,93.67
CPT-SNB-06,2011,1578254.43,5180758.32,114.7686073846067,1,0,18.13,93.67
CPT-SNB-07,2011,1578042.02,5180922.9,103.10425304994892,0,0,21.24,125.1
CPT-SNB-08,2011,1577963.31,5181214.71,115.52748265662196,0,0,21.24,125.1
CPT-SPE-08,2010,1575204.27,5191263.01,101.22464722868513,0,1,23.32,32.63
CPT-SPE-14,2010,1575279.61,5191337.34,111.49106392544604,0,1,23.32,32.63
CPT-SPE-15,2010,1575553.79,5191384.08,108.5933807277307,1,1,23.32,34.01
CPT-SPN-06,2011,1568630.92,5177744.96,68.30113457311413,0,0,22.62,53.24
CPT-SPN-08,2011,1569327.82,5177889.82,65.13294761856584,0,0,22.62,56.37
CPT-SPN-11,2011,1569539.25,5177700.01,62.39716648712682,0,0,22.62,62.83
CPT-SPN-15,2011,1569636.95,5177446.72,67.15312305735792,0,0,22.62,70.33
CPT-SPN-16,2011,1568533.86,5177103.93,68.09442648580279,0,0,24.63,54.27
CPT-SPN-17,2011,1569030.57,5177130.56,78.48806752493383,0,0,22.62,60.46
CPT-SPN-21,2011,1568817.55,5176732.79,65.45448650970263,0,0,24.63,60.46
CPT-SPN-25,2011,1569810.76,5176342.86,79.72019603400202,0,1,22.4,75.49
CPT-SPN-31,2011,1569073.6,5175423.06,69.0371142954491,0,0,24.63,65.68
CPT-SPN-32,2011,1569246.08,5175837.36,74.86261999355729,0,0,24.63,65.35
CPT-SSH-03,2010,1579690.17,5177406.34,113.56763701773343,1,0,20.95,106.8
CPT-SSH-04,2010,1579793.84,5177426.62,99.01175671679387,0,0,20.95,106.8
CPT-SSH-05,2010,1579719.27,5177761.79,103.03474492932456,0,0,20.95,100.7
CPT-SSH-06,2010,1579731.66,5177889.54,127.33848110120317,0,0,20.95,100.7
CPT-SSH-07,2010,1579488.62,5178164.32,104.5990336106847,0,0,20.95,100.7
CPT-SSH-08,2010,1579343.52,5178507.52,100.52793541163435,0,0,20.95,116.8
CPT-STA-01,2010,1571698.5,5182102.57,89.88474032726367,0,0,22.52,59.12
CPT-STA-02,2010,1571401.05,5181995.76,87.19007438630746,0,0,22.52,59.12
CPT-STA-06,2010,1571130.95,5181725.2,144.57513985023436,0,1,22.52,55.42
CPT-STA-08,2010,1571253.37,5182332.81,63.39800682842553,0,0,22.52,48.95
CPT-STA-10,2010,1570993.5,5181548.64,89.9063153937906,0,0,22.83,55.42
CPT-STA-13,2010,1570459.24,5182788.65,84.84370681437665,0,1,23.84,45.19
CPT-STA-14,2011,1569121.18,5183137.9,75.20834777945582,0,0,24.8,34.14
CPT-STA-15,2011,1569336.43,5183210.69,77.74591645947766,0,0,24.8,34.14
CPT-STA-17,2011,1569182.64,5182834.9,68.42828972336407,0,0,24.8,38.2
CPT-STA-18,2011,1569489.23,5182986.57,86.46896134234666,0,0,24.8,41.71
CPT-STA-20,2011,1569589.22,5182784.0,82.65876427232669,0,0,24.8,41.71
CPT-STA-24,2011,1569913.29,5182979.6,87.08323129300948,0,0,23.84,41.71
CPT-STA-32,2011,1570027.63,5182521.24,99.33385654473011,0,0,22.83,45.19
CPT-STA-37,2011,1570017.2,5181985.97,86.15232147925879,0,0,22.83,46.79
CPT-STA-42,2011,1569733.15,5183541.93,76.40856602262946,0,1,23.84,36.82
CPT-STA-45,2011,1570217.91,5182860.35,86.18106204141696,0,0,23.84,45.19
CPT-STA-48,2011,1570942.62,5183057.23,87.53956424154792,0,0,23.84,48.95
CPT-STA-57,2011,1571800.51,5183266.22,80.4145703883308,0,1,23.12,45.73
CPT-STA-61,2011,1571822.04,5182379.93,81.96498360364772,0,0,22.52,52.2
CPT-STA-63,2011,1571255.15,5182342.83,86.72117202669352,0,0,22.52,48.95
CPT-STA-67,2011,1571096.16,5182099.12,71.57938897573158,0,0,22.52,55.42
CPT-STA-68,2011,1571520.81,5182100.47,91.35359043870702,0,0,22.52,59.12
CPT-STA-69,2011,1571660.0,5182254.05,82.23230527073895,0,0,22.52,52.2
CPT-STA-72,2011,1571637.49,5181944.95,79.93207998476036,0,0,22.52,59.12
CPT-STA-74,2011,1571640.84,5181614.83,85.34193247762522,0,0,22.52,59.12
CPT-STA-77,2011,1570869.68,5181309.71,75.79160208832748,0,0,22.83,55.42
CPT-STM-03,2011,1571757.68,5176643.21,103.80659735372188,0,1,21.94,101.4
CPT-STM-04,2011,1571575.33,5176879.98,80.75344562487928,0,0,21.94,100.2
CPT-STM-06,2011,1571793.93,5176913.92,82.9447254063627,0,0,21.94,100.2
CPT-STM-08,2011,1571664.97,5177048.99,97.89130662256427,0,0,21.94,100.2
CPT-STM-10,2011,1571729.38,5177341.98,108.93774163513392,0,0,22.09,100.2
CPT-STM-18,2011,1572396.28,5177447.17,93.39777137996549,0,0,22.09,109.5
CPT-STM-19,2011,1572239.68,5177171.36,98.29057367745715,0,0,22.09,109.5
CPT-STM-21,2011,1572364.39,5177215.06,134.44414440170445,0,0,22.09,109.5
CPT-STM-23,2011,1572299.01,5177041.49,93.62257389750378,0,1,21.94,109.5
CPT-STM-26,2011,1572013.41,5176944.52,75.95001973836773,0,0,21.94,100.2
CPT-STM-27,2011,1571824.54,5177200.25,85.25554593719102,0,0,22.09,100.2
CPT-SYD-03,2011,1571509.66,5178218.73,81.36217335391066,0,0,22.09,78.72
CPT-SYD-09,2011,1570956.83,5177477.98,73.20803330361366,0,0,22.3,81.79
CPT-SYD-10,2011,1570800.26,5177384.95,78.9322493641079,0,0,22.3,81.79
CPT-SYD-13,2011,1571337.9,5177173.55,82.29889944284245,0,0,22.09,81.79
CPT-SYD-14,2011,1571297.36,5177515.17,90.89116792006845,0,1,22.09,81.79
CPT-VRN-03,2011,1572770.0,5176240.0,72.4250705197182,0,0,20.53,111.9
CPT-VRN-04,2011,1572725.0,5175980.0,79.35316644636353,0,0,20.53,108.0
CPT-VRN-06,2011,1572695.0,5176400.0,85.25914057926002,0,0,20.53,108.0
CPT-VRN-07,2011,1572785.0,5176390.0,86.50661005650326,0,0,20.53,111.9
CPT-VRN-09,2011,1572780.0,5176230.0,73.74618479617688,0,0,20.53,111.9
CPT-VRN-10,2011,1572730.0,5176365.0,72.49732675737324,0,0,20.53,108.0
CPT-VRN-17,2011,1572695.0,5176130.0,77.6657939143635,0,0,20.53,108.0
CPT-WAI-05,2010,1576119.45,5183470.24,124.46756498186475,0,0,22.03,74.33
CPT-WAI-06,2010,1574013.57,5181311.39,140.26603441965847,0,0,22.24,73.3
CPT-WAI-10,2010,1574232.54,5181638.12,123.68786895431384,0,0,22.24,82.14
CPT-WAI-12,2010,1574366.24,5182039.67,82.31194788143344,0,0,22.24,82.14
CPT-WAI-14,2010,1574397.94,5182176.09,84.15178850203526,0,0,22.24,82.14
CPT-WAI-15,2010,1574428.8,5182289.35,101.26019595610713,0,0,22.24,68.54
CPT-WAI-16,2010,1574418.14,5182474.4,93.4115734021134,0,0,22.24,68.54
CPT-WAI-17,2010,1574680.57,5181748.48,97.3170809764936,0,0,22.24,82.14
CPT-WAI-18,2010,1573833.99,5181516.69,82.43422977997683,0,0,22.24,73.3
CPT-WAI-20,2010,1573868.13,5181592.79,98.12006161512095,0,0,22.24,73.3
CPT-WAI-24,2010,1574382.68,5182120.77,76.53089741439179,0,0,22.24,82.14
CPT-WAI-27,2010,1574433.46,5182346.09,71.17147356141344,0,0,22.24,68.54
CPT-WAI-28,2010,1574433.17,5182418.8,88.59847558436368,0,0,22.24,68.54
CPT-WAI-32,2011,1574674.1,5182299.67,112.10632567206784,0,0,22.24,68.54
CPT-WAI-36,2011,1574687.25,5181998.81,93.4440582580071,0,0,22.24,82.14
CPT-WAI-37,2011,1574771.07,5181909.21,103.27597310778388,0,0,22.24,88.68
CPT-WAI-38,2011,1574752.85,5181856.86,98.65784823009758,0,0,22.24,88.68
CPT-WAI-40,2011,1574782.37,5181708.87,108.7847665209125,0,0,22.24,88.68
CPT-WAI-41,2011,1574866.52,5182045.18,107.96499907334989,0,0,22.24,88.68
CPT-WAI-42,2011,1574943.83,5182276.08,115.6480099155505,0,1,22.24,76.29
CPT-WAI-44,2011,1575655.13,5182654.7,111.2488782001207,0,0,21.91,81.11
CPT-WAI-45,2011,1575773.27,5182497.38,132.20983472052737,0,0,21.91,81.11
CPT-WAI-47,2011,1575782.34,5182326.4,131.167549623386,0,1,21.91,81.11
CPT-WAI-59,2011,1574927.73,5181718.36,100.71018709216722,0,0,22.24,88.68
CPT-WAI-62,2011,1575303.19,5181596.1,94.10769535551604,0,0,21.91,88.68
CPT-WAI-63,2011,1575605.47,5181503.27,92.53515943551261,0,0,21.91,87.14
CPT-WAI-66,2011,1575237.67,5182035.47,114.52316598202664,0,1,21.91,88.68
CPT-WAI-67,2011,1575444.22,5182203.08,91.2438542080371,0,0,21.91,87.14
CPT-WAI-69,2011,1575695.38,5181930.14,99.12460338507896,0,0,21.91,87.14
CPT-WAI-70,2011,1575923.3,5181694.17,124.89465613949083,0,1,21.91,87.14
CPT-WAI-71,2011,1576287.76,5181971.97,102.8643222554962,0,0,21.91,93.63
CPT-WAI-72,2011,1576003.96,5181922.33,129.04800125309788,0,1,21.91,87.14
CPT-WAI-73,2011,1575942.2,5182350.96,109.65536956255363,0,0,21.91,81.11
CPT-WAI-74,2011,1575755.18,5182121.96,111.17190691712574,0,0,21.91,87.14
CPT-WAI-75,2011,1574878.99,5181498.64,92.33709694629333,0,0,22.24,88.68
CPT-WAI-76,2011,1575179.18,5181277.79,108.84890753835387,0,0,21.91,93.95
CPT-WAI-78,2011,1574706.5,5181377.4,95.92008692140955,0,0,22.24,82.14
CPT-WAI-81,2011,1574661.08,5181012.96,100.7024818180433,0,0,22.24,97.21
CPT-WAI-82,2011,1574440.48,5181193.44,87.5859323680388,0,0,22.24,97.21
CPT-WAI-84,2011,1574266.73,5181105.15,114.39951938402373,0,0,22.24,97.21
CPT-WAI-86,2011,1575267.16,5181348.67,90.42782699870068,0,0,21.91,88.68
CPT-WKK-02,2010,1563854.0,5175078.0,99.61086224945736,0,1,30.98,31.54
CPT-WQP-01,2011,1576708.45,5185272.06,86.3068750435616,0,1,21.91,58.74
CPT-WQP-02,2011,1576762.17,5185417.91,92.92821676866959,0,1,21.91,63.09
CPT-WQP-03,2011,1576696.36,5185659.11,105.45765748893326,0,1,21.91,58.74
CPT-WQP-04,2011,1576624.78,5185962.96,95.57502038810892,0,1,21.91,54.96
CPT-WQP-05,2011,1576484.29,5186362.19,79.20337448269345,0,1,21.91,54.96
CPT-WQP-06,2011,1576432.34,5186170.12,102.2305421546761,0,0,21.91,54.96
CPT-WQP-07,2011,1576381.97,5185958.44,100.43358436475553,0,0,22.37,54.96
CPT-WQP-09,2011,1576555.86,5185448.79,108.78304005111653,0,0,21.91,58.74
CPT-WQP-11,2011,1576414.22,5185147.52,113.76135578696422,0,0,22.37,58.74
CPT-WQP-12,2011,1576153.9,5185472.77,108.25903107130833,0,0,22.37,58.74
CPT-WQP-13,2011,1576326.47,5185583.96,93.77629712919868,0,0,22.37,58.74
CPT-WQP-14,2011,1576139.72,5185792.56,113.87154096055804,0,0,22.37,58.74
CPT-WQP-16,2011,1576051.17,5186121.48,90.08562552962401,0,0,22.37,52.39
CPT-WQP-18,2011,1576341.31,5186339.03,95.56665305497901,0,0,22.37,54.96
CPT-WQP-20,2011,1576197.25,5186469.69,91.16442733777448,0,0,22.74,54.96
CPT-WQP-22,2011,1575935.72,5186225.99,87.7832205730898,0,0,22.37,52.39
CPT-WQP-23,2011,1576223.88,5186155.34,100.22645370046982,0,0,22.37,54.96
CPT-WSW-01,2011,1572803.39,5178016.39,86.7715858507511,0,1,22.59,96.65
CPT-WSW-03,2011,1572922.16,5178452.26,88.49493434660569,0,0,22.59,96.65
CPT-WSW-04,2011,1573100.3,5178695.57,96.46764972533978,0,0,22.59,89.02
CPT-WSW-05,2011,1572889.7,5178044.92,87.32775538287285,0,0,22.59,96.65
CPT-WSW-06,2011,1573142.13,5178245.79,91.45904980836046,0,0,22.59,96.65
CPT-WSW-09,2011,1573233.03,5178097.25,93.84349672746282,0,0,22.59,96.65
CPT-WSW-10,2011,1573410.79,5178268.33,88.11788646504155,0,0,22.59,96.65
CPT-WSW-11,2011,1573428.01,5178485.85,86.98384184828528,0,0,22.59,105.7
CPT-WSW-12,2011,1573190.68,5177777.08,92.00597636536436,0,0,22.59,96.65
CPT-WSW-20,2011,1573258.17,5177730.29,86.99544290547037,0,0,22.59,96.65
CPT-WSW-22,2011,1573947.91,5178362.17,89.44259716457692,0,0,22.61,105.7
CPT-WSW-25,2011,1574601.15,5179005.55,116.80576474825298,0,0,22.14,97.79
CPT-WSW-33,2011,1574193.36,5176996.32,81.90538870018088,0,0,20.43,124.3
CPT-WSW-34,2011,1574145.67,5177977.56,90.24406436808977,0,0,22.61,105.2
CPT-WSW-37,2011,1574181.09,5177783.73,89.9970945653302,0,1,22.61,105.2
CPT-WSW-38,2011,1574693.67,5177453.99,106.35300599169476,0,1,22.61,124.3
CPT-WSW-39,2011,1574788.24,5177442.24,102.01595525368731,0,0,22.61,112.8
CPT-WSW-40,2011,1574544.69,5177661.75,103.02982024120323,0,0,22.61,105.2
CPT-WSW-41,2011,1574843.58,5177516.54,110.06286537621052,0,0,22.61,112.8
CPT-WSW-44,2011,1574551.16,5177976.65,91.94040442021839,0,0,22.61,105.2
CPT-WSW-46,2011,1575037.63,5178076.75,82.89087254112486,0,0,22.61,96.84
CPT-WSW-48,2011,1575205.7,5177780.53,100.58921299766563,0,1,22.51,96.84
CPT-WSW-49,2011,1575586.97,5177798.63,109.90867925371353,0,1,22.51,114.0
CPT-WSW-50,2011,1575611.08,5177990.62,113.412480151772,0,0,22.51,114.0
CPT-WSW-56,2011,1575539.81,5178349.6,127.25200411524328,0,0,22.51,114.0
CPT-WTH-01,2010,1571633.18,5177589.09,100.505248066282,0,0,22.09,78.72
CPT-WTM-02,2011,1572270.31,5179133.2,79.15641846365222,0,0,21.99,83.65
CPT-WTM-07,2011,1572894.71,5178851.95,77.96393987391319,0,0,22.59,89.02
CPT-WTM-08,2011,1572182.57,5178528.14,62.58398397226271,0,0,22.09,83.65
CPT-WTM-11,2011,1572689.33,5178495.25,58.731574294038346,0,0,22.59,89.04
CPT-WTM-19,2011,1571979.59,5178186.64,89.66804933328028,0,1,22.09,78.72
CPT-WTM-21,2011,1571725.29,5178024.74,91.08912380724038,0,0,22.09,78.72
CPT01,2015,1572665.86,5178813.76,96.68863938548064,0,0,22.59,83.65
CPT02,2015,1571925.06,5181765.59,103.46923188994968,0,1,22.52,59.12
CPT03,2015,1571637.23,5179738.37,104.67748931351171,0,1,21.99,73.45
CPT05,2016,1571042.46,5180061.22,119.63588311492005,0,0,21.29,67.94
FND-POD01-CPT10,2013,1567992.54,5181616.53,84.83009524766183,0,0,24.2,36.71
FND-POD06-CPT11,2013,1567354.06,5181533.39,84.17092647015242,0,1,24.2,36.71
FND-POD06-CPTB002,2012,1567638.11,5181619.76,81.64770176564804,0,1,24.2,36.71
FND-POD07-CPT12,2012,1567672.84,5181669.13,85.16377869722955,0,1,24.2,36.71
FND-POD15-CPT02,2012,1568850.01,5181067.29,93.9730172057471,0,1,22.71,44.14
HAL-POD01-CPT009,2012,1564219.59,5174717.91,64.19746482405228,1,0,30.98,33.64
HAR-TC201-CPT002,2013,1566532.22,5185948.91,80.6227668925801,0,0,27.03,23.08
HNH-POD03-CPT013,2013,1567989.42,5176941.32,85.8957546584995,0,0,24.58,49.93
HNH-POD04-CPT001,2012,1568035.43,5176910.49,79.75926152819652,0,1,24.58,54.27
HNH-POD04-CPT003,2012,1568326.51,5176665.58,87.16599591305024,0,1,24.58,54.27
HNH-POD05-CPT008,2013,1568214.86,5176709.6,91.16016384386288,0,1,24.58,54.27
ILA-POD01-CPT020,2013,1567149.75,5181895.21,92.88587453630386,0,0,24.2,34.62
KAI-POD01-CPT006,2012,1573531.86,5196657.67,168.35055002983867,0,1,26.59,22.14
KAI-POD01-CPT009,2012,1573471.83,5196774.46,171.24768740828557,0,0,26.59,22.14
KAI-POD02-CPT002,2012,1572964.69,5196961.9,94.10001874423702,0,0,26.59,21.67
KAI-POD02-CPT013,2012,1572937.37,5196865.49,101.0134810088714,1,0,26.59,21.67
KAI-POD03-CPT009,2012,1572739.64,5196910.91,99.17752183567727,0,0,26.59,21.67
KAI-POD03-CPTB002,2012,1572737.05,5196836.89,76.79581411207572,1,0,26.59,21.67
KAI-POD04-CPT001,2012,1571489.46,5196989.62,121.01025987392553,0,0,26.43,20.65
LWD-POD02-CPT006,2012,1573466.22,5178827.64,90.12050821979682,0,1,22.59,91.49
LWD-POD03-CPTB001,2012,1573839.0,5180585.28,135.64906066058882,0,0,22.14,83.17
MER-POD06-CPT006,2012,1569288.35,5181808.59,82.96474620926514,0,1,22.71,42.12
MER-POD06-CPTB002,2012,1569243.24,5181760.13,77.16599436137486,0,0,22.71,42.12
MER-POD07-CPT007,2013,1569606.06,5181946.7,76.36844009541751,0,1,22.71,46.79
MER-POD07-CPT012,2013,1569725.2,5181929.53,82.81036960532715,0,1,22.83,46.79
MER-POD07-CPT013,2013,1569644.48,5181884.2,86.11467206619145,0,0,22.71,46.79
MER-POD10-CPT010,2013,1569498.75,5182553.85,83.71084339580955,0,1,22.71,41.71
NBR-POD02-CPT06,2012,1575333.96,5177718.12,139.48460681811906,0,1,22.51,96.84
NNB-POD02-CPT83,2012,1577015.49,5184548.11,113.6316800270847,0,1,21.91,69.34
NNB-POD03-CPT28,2012,1576842.56,5184344.19,132.24109501436917,0,0,21.67,69.34
NNB-POD03-CPT53,2012,1577057.98,5183924.36,152.87534839627565,0,0,21.67,75.33
NNB-POD04-CPT02,2012,1576667.13,5184418.15,127.42206680161746,0,1,21.67,67.25
NNB-POD04-CPT07,2012,1576666.13,5184400.66,114.07145208321566,0,1,21.67,67.25
NNB-POD05-CPT04,2012,1576479.88,5184155.37,123.9119529908563,0,1,21.67,67.25
NNB-POD05-CPT13,2012,1576493.43,5183853.5,104.8759600876719,0,1,21.67,74.33
NNB-POD05-CPT18,2012,1576545.38,5184032.98,109.81914814988481,0,1,21.67,74.33
NNB-POD06-CPT49,2012,1577021.0,5183939.85,134.70970073975718,0,1,21.67,75.33
NNB-POD07-CPT37,2012,1576456.23,5183558.49,123.17854348692565,0,0,21.67,74.33
NNB-POD07-CPT63,2012,1576452.48,5183627.96,120.73073324321152,0,0,21.67,74.33
NNB-POD08-CPT14,2012,1576597.08,5183522.19,121.75902279744119,0,1,21.67,74.33
NNB-POD08-CPT26,2012,1576587.25,5183714.35,127.58076729013194,0,0,21.67,74.33
NNB-POD08-CPT638,2012,1576718.5,5183750.06,128.33273726507053,0,1,21.67,74.33
NNB-POD08-CPT65,2012,1576559.44,5183448.54,117.3088720733207,0,0,21.67,74.33
NNB-POD08-CPT666,2012,1576743.58,5183620.12,129.29266258219226,0,1,21.67,74.33
NNB-POD08-CPT712,2012,1576586.05,5183587.26,115.79307641491285,0,1,21.67,74.33
NNB-POD09-CPT119,2012,1577041.24,5183627.97,112.82935604976848,0,0,21.67,75.33
NNB-POD09-CPT24,2012,1577046.28,5183580.73,129.7571119202381,0,1,21.67,75.33
NNB-POD09-CPT62,2012,1577040.51,5183612.0,111.89660826130755,0,0,21.67,75.33
NNB-POD09-CPT657,2012,1577045.07,5183504.04,131.01493294039986,0,1,21.67,75.33
NNB-POD09-CPT669,2013,1575296.11,5181312.33,121.15771755001407,0,1,21.91,88.68
NNB-POD09-CPT691,2012,1576994.24,5183615.07,128.52078850736302,0,1,21.67,75.33
NNB-POD09-CPT696,2012,1577080.1,5183584.37,145.80344381563307,0,1,21.67,75.33
NNB-POD09-CPT70,2012,1577019.5,5183579.49,116.99250601964974,0,1,21.67,75.33
NNB-POD09-CPT817,2012,1577117.13,5183215.52,94.98916545035063,0,1,21.67,75.33
NNB-POD11-CPT16,2012,1576617.9,5185042.64,101.8073326320514,0,1,21.91,58.74
NNB-POD12-CPT101,2012,1576863.5,5185054.03,134.94990201389717,0,1,21.91,63.09
NNB-POD12-CPT109,2012,1576959.78,5184857.12,134.45619878593388,0,1,21.91,69.34
PAP-POD01-CPT002,2012,1569143.62,5182979.78,88.51557499167106,0,1,24.8,38.2
PAP-POD06-CPT014,2013,1569371.95,5183510.62,72.89176302858343,0,0,24.8,36.82
PAP-POD06-CPTB01,2012,1569628.05,5183336.16,84.44603486174923,0,0,24.8,36.82
PAP-POD06-CPTB02,2012,1569483.9,5183388.75,76.47505285215439,0,0,24.8,36.82
PAP-TC201-CPT024,2013,1569028.99,5183358.89,79.03484676857293,0,0,24.8,34.14
PRK-POD01-CPT30,2012,1574869.81,5186176.62,136.9859030580919,0,1,23.06,51.03
PRK-POD02-CPT25,2012,1575226.11,5185768.7,95.66184582438662,0,1,22.37,54.69
PRK-POD03-CPT20,2012,1575468.94,5185882.55,95.55951331309093,0,1,22.37,56.1
RCH-POD01-CPT13,2012,1572010.23,5180982.74,101.72463625306213,0,1,22.52,67.03
RCH-POD03-CPT31,2012,1571951.74,5181968.87,84.88765483408113,0,1,22.52,59.12
RCH-POD03-CPT93,2012,1571997.75,5181564.02,103.38556676342523,0,1,22.52,59.12
RCH-POD05-CPT63,2012,1572107.2,5182328.83,83.27676500080587,0,1,22.52,54.7
RCH-POD06-CPT23,2012,1571945.41,5182606.47,82.09447084954085,0,1,22.52,52.2
RCH-POD06-CPT67,2012,1572288.53,5182592.59,78.70543888472574,0,1,22.52,54.7
SHY-POD01-CPT44,2012,1572546.88,5182811.66,177.6625110935914,0,0,22.46,54.7
SHY-POD03-CPT204,2013,1572217.17,5182949.91,96.44631955094934,0,1,23.12,54.7
SHY-TC201-CPT014,2013,1572883.46,5183100.37,155.65929882173302,0,1,22.46,60.67
SPE-POD01-CPT036,2012,1575136.53,5192914.16,112.63637403385407,1,1,23.53,28.69
SPN-POD04-CPT006,2012,1569653.36,5176541.69,81.22304068597325,0,1,24.63,75.49
STA-POD02-CPT01,2012,1570097.56,5183502.14,53.14924555174562,0,1,23.84,39.83
STA-POD02-CPT03,2012,1569808.5,5183459.39,86.51794589246981,0,0,23.84,36.82
STA-POD02-CPTB002,2012,1570083.86,5183421.0,67.4712894356658,0,0,23.84,39.83
STA-POD03-CPT03,2012,1569643.85,5182981.46,86.68058875941719,0,1,24.8,41.71
STA-POD04-CPT01,2012,1569759.58,5182801.61,86.99723570329019,0,1,23.84,41.71
STA-POD04-CPT04,2013,1569683.15,5182810.99,84.40438272417329,0,1,24.8,41.71
STA-POD06-CPT03,2012,1569957.6,5182693.97,92.7801728028629,0,1,23.84,41.71
STA-POD06-CPT05,2012,1569970.46,5182730.48,90.54665004466321,0,1,23.84,41.71
STA-POD09-CPT07,2012,1570963.01,5182783.81,88.2281353995468,0,1,23.84,48.95
STA-POD09-CPT28,2012,1570643.26,5182901.73,92.65363288954354,0,0,23.84,45.19
STA-POD12-CPT02,2012,1569288.35,5181808.59,81.94011681330196,0,1,22.71,42.12
STA-POD17-CPT07,2012,1571048.97,5181605.02,77.30732593140883,0,1,22.52,55.42
STA-POD17-CPT21,2012,1570856.71,5181834.78,85.59701686872106,0,1,22.83,55.42
STM-POD01-CPT009,2012,1572468.21,5177974.64,95.9023078821929,0,1,22.59,89.04
STM-POD01-CPT017,2013,1572309.54,5177852.12,108.70260513307362,0,1,22.09,89.04
STM-POD03-CPT023,2013,1572645.38,5177118.61,80.75476298361507,0,0,20.53,109.5
STM-POD04-CPT003,2012,1572300.34,5177110.55,103.70232170312902,0,1,21.94,109.5
STM-POD04-CPT007,2012,1572128.9,5177079.5,73.12666361798398,0,1,21.94,109.5
STM-POD04-CPTB019,2012,1572169.84,5176954.14,74.33188765392968,0,0,21.94,109.5
STM-POD04-CPTB020,2012,1572440.94,5177359.91,93.76108262118495,0,1,22.59,109.5
STR-POD05-CPT005,2012,1568867.37,5183032.32,88.29816657911523,0,1,24.8,38.2
SYD-POD01-CPT003,2012,1571323.13,5178047.27,86.48096097170549,0,1,22.09,73.94
SYD-POD01-CPT014,2013,1571023.15,5178129.39,70.28683160263844,0,0,22.3,73.94
WAI-POD01-CPT09,2012,1574637.37,5182405.91,140.57425058811162,0,1,22.24,68.54
WAI-POD03-CPT07,2012,1574823.58,5182330.18,113.5741304071273,0,1,22.24,76.29
WAI-POD04-CPT03,2012,1575052.04,5182501.76,97.27610784947036,0,1,22.24,76.29
WAI-POD09-CPT03,2012,1574956.66,5181631.73,92.90559882568841,0,1,22.24,88.68
WAI-POD14-CPT012,2012,1574631.05,5181111.74,103.02025036774349,0,0,22.24,97.21
WAI-POD15-CPT01,2012,1574866.55,5181115.83,101.92253328509692,0,1,22.24,93.95
WQP-POD15-CPT209,2012,1576539.94,5185135.44,120.68032998345868,0,1,21.91,58.74
WQP-POD15-CPT47,2012,1576414.48,5185572.53,137.57855348787174,0,1,22.37,58.74
WST-POD03-CPTB04,2012,1575254.36,5178129.1,114.83170035073528,0,0,22.51,96.84
WST-POD06-CPT002,2012,1574729.45,5178347.85,101.54298658676716,0,1,22.61,105.2
WST-POD06-CPT003,2012,1574845.82,5178458.67,113.95638983469037,0,1,22.61,96.84
WST-POD06-CPTB003,2012,1574857.26,5178272.8,121.25276363698848,0,0,22.61,96.84
WST-POD07-CPT004,2013,1573937.11,5178292.97,94.6574244984374,0,1,22.61,105.7
WST-POD07-CPT013,2012,1574105.4,5178520.13,85.66573741994515,0,1,22.61,97.79
WST-POD09-CPT011,2012,1573199.81,5178440.25,110.26177107163632,0,1,22.59,96.65
WST-POD09-CPTB003,2012,1573083.21,5178680.19,102.51828385788625,0,0,22.59,89.02
WST-POD10-CPT007,2012,1573303.83,5178297.1,106.88011402683141,0,1,22.59,96.65
WST-POD10-CPT012,2012,1573280.42,5178199.77,99.95781884920561,0,1,22.59,96.65
WTM-POD02-CPTB001,2012,1572354.89,5179030.85,94.76891244324418,0,0,21.99,83.65
WTM-POD04-CPT010,2012,1572379.71,5178666.23,99.24784812706795,0,1,22.09,83.65
